student,specialisatie,gemiste_WC,vragen_stellen,interesse_ML,bestuderen_theorie,oefenen_WC,voorkennis,uren_bijbaan,totale_tijd,eindcijfer
1,IAT,zeven,gemiddeld,gemiddeld,0.4,0.0,6.2,3.2,1.3,1.0
2,BDAM,zeven,gemiddeld,superveel,0.0,0.7,5.5,4.1,0.9,1.0
3,FICT,twee,nooit,geen,2.9,4.2,6.1,4.1,7.6,8.4
4,SE,vijf,vaak,superveel,3.2,1.3,5.6,3.4,5.1,3.7
5,SE,twee,gemiddeld,superveel,4.4,3.4,6.8,3.1,8.7,7.1
6,BDAM,nul,vaak,geen,4.6,3.6,6.6,4.7,8.7,8.8
7,SE,twee,nooit,weinig,2.0,2.9,6.0,3.2,5.6,4.5
8,FICT,zeven,nooit,geen,0.0,0.1,5.6,3.6,0.9,1.0
9,BDAM,zes,vaak,weinig,0.3,0.9,5.7,5.2,1.3,2.0
10,IAT,vier,nooit,geen,2.1,2.0,5.9,5.3,4.8,2.5
11,IAT,twee,gemiddeld,gemiddeld,3.6,3.4,6.3,4.4,7.8,7.2
12,FICT,drie,gemiddeld,gemiddeld,3.1,3.1,5.8,3.4,7.1,6.8
13,FICT,drie,weinig,veel,2.6,2.1,5.7,5.1,5.5,3.8
14,SE,twee,veel,weinig,4.3,4.3,6.6,2.9,9.4,6.4
15,BDAM,een,vaak,geen,2.6,3.9,6.9,7.0,7.4,4.5
16,BDAM,twee,weinig,gemiddeld,4.5,3.8,6.2,5.4,9.0,8.0
17,IAT,nul,gemiddeld,veel,5.5,5.0,6.4,2.2,10.8,7.6
18,BDAM,nul,vaak,superveel,5.1,4.4,6.2,3.6,10.2,7.2
19,SE,vier,weinig,geen,1.7,1.4,6.3,3.4,3.3,2.7
20,IAT,vier,gemiddeld,superveel,1.8,2.0,5.5,5.2,4.2,3.6
21,FICT,vier,gemiddeld,geen,2.7,2.1,5.6,2.7,4.8,3.5
22,FICT,nul,vaak,veel,2.9,4.2,6.4,4.0,7.2,8.4
23,SE,twee,vaak,gemiddeld,4.1,3.9,6.8,3.0,8.4,6.7
24,BDAM,zeven,vaak,geen,0.1,0.4,6.1,4.1,0.5,2.6
25,SE,een,nooit,gemiddeld,3.8,3.1,5.8,4.1,7.7,8.9
26,SE,nul,veel,superveel,4.6,4.8,6.2,3.7,10.4,8.3
27,FICT,zeven,nooit,weinig,0.7,0.4,5.5,5.0,2.1,1.0
28,BDAM,vier,gemiddeld,veel,2.7,2.5,5.6,4.7,5.5,3.2
29,SE,drie,nooit,weinig,3.4,2.8,5.8,3.7,6.7,4.3
30,SE,vier,veel,veel,3.1,2.9,5.6,2.5,,4.9
31,SE,twee,weinig,gemiddeld,4.1,4.9,7.0,4.1,9.7,7.5
32,FICT,vijf,weinig,veel,2.0,1.7,5.8,5.4,4.6,2.2
33,BDAM,een,nooit,weinig,3.6,4.6,7.2,3.6,8.4,6.0
34,FICT,drie,gemiddeld,geen,2.3,2.4,6.5,2.8,4.8,4.5
35,FICT,een,veel,weinig,3.0,3.0,7.4,3.4,6.1,7.0
36,FICT,vier,nooit,gemiddeld,2.2,2.1,5.5,5.0,4.6,2.3
37,SE,nul,weinig,veel,3.5,3.4,6.1,4.2,7.9,7.0
38,BDAM,twee,gemiddeld,gemiddeld,4.6,4.3,6.6,3.6,9.1,6.6
39,SE,vier,vaak,veel,3.0,3.3,6.8,4.8,6.6,4.2
40,FICT,een,nooit,geen,3.9,4.4,7.6,5.2,8.6,6.5
41,FICT,nul,weinig,gemiddeld,3.8,4.7,7.0,4.3,8.6,8.3
42,SE,vijf,weinig,gemiddeld,0.3,1.5,6.6,3.9,2.3,2.9
43,IAT,vijf,weinig,veel,2.2,1.1,5.6,4.2,3.4,3.4
44,SE,een,veel,veel,4.0,4.5,7.2,4.5,9.3,8.4
45,SE,vier,vaak,geen,3.5,2.6,5.6,5.4,6.5,4.3
46,BDAM,nul,vaak,veel,4.3,4.3,7.5,5.8,8.7,8.1
47,BDAM,twee,gemiddeld,weinig,2.7,2.7,5.5,3.4,5.6,5.3
48,FICT,zeven,veel,gemiddeld,1.0,0.5,5.9,6.0,2.4,1.0
49,SE,nul,weinig,superveel,3.5,3.5,6.9,3.8,7.2,7.4
50,SE,zes,vaak,gemiddeld,0.0,1.2,5.6,6.1,1.9,1.4
51,SE,twee,nooit,geen,2.0,2.9,6.6,3.2,5.4,4.9
52,BDAM,drie,nooit,gemiddeld,3.1,3.3,6.2,5.7,6.8,4.4
53,SE,nul,gemiddeld,weinig,3.6,4.7,6.8,3.8,9.2,9.0
54,SE,nul,nooit,weinig,4.1,4.7,7.3,,9.8,8.0
55,SE,zeven,veel,veel,1.0,0.9,5.9,4.6,2.6,1.3
56,SE,nul,gemiddeld,gemiddeld,3.7,3.6,7.2,3.5,7.3,7.4
57,SE,zeven,vaak,superveel,0.3,0.5,6.0,4.4,1.6,1.1
58,SE,een,vaak,gemiddeld,3.2,3.4,7.3,3.7,7.5,7.8
59,IAT,vier,weinig,veel,2.6,2.2,5.9,3.1,5.0,5.7
60,IAT,nul,weinig,weinig,4.7,4.5,6.6,2.8,9.3,7.0
61,FICT,nul,veel,superveel,4.2,4.3,6.9,,8.8,9.0
62,SE,drie,nooit,superveel,2.8,3.4,7.3,4.8,6.4,3.6
63,IAT,twee,veel,geen,3.5,3.5,6.6,4.5,7.2,7.4
64,SE,een,gemiddeld,geen,3.2,3.9,6.7,4.7,8.0,8.9
65,SE,vijf,nooit,geen,0.6,0.6,5.6,4.6,1.3,5.3
66,SE,een,vaak,superveel,2.5,3.5,5.6,5.6,6.6,6.1
67,FICT,een,veel,veel,4.7,5.0,7.2,3.1,9.7,6.1
68,BDAM,zeven,gemiddeld,superveel,0.6,0.4,6.8,3.8,1.7,1.0
69,SE,drie,gemiddeld,gemiddeld,3.5,2.7,7.1,4.0,6.8,4.0
70,BDAM,een,weinig,weinig,5.1,4.4,6.3,3.3,9.9,6.9
71,IAT,vier,veel,gemiddeld,2.7,1.9,5.6,3.5,5.3,3.7
72,IAT,drie,vaak,weinig,3.3,3.5,6.2,2.5,7.8,6.3
73,SE,nul,gemiddeld,gemiddeld,4.7,5.0,6.6,3.9,10.4,7.6
74,IAT,vijf,nooit,gemiddeld,1.8,1.0,6.5,2.1,3.2,1.1
75,SE,nul,weinig,geen,4.6,3.6,7.2,,8.4,8.6
76,IAT,zeven,gemiddeld,veel,0.5,1.2,5.6,5.0,1.8,1.2
77,IAT,zeven,vaak,veel,0.2,1.1,6.1,4.3,1.8,2.3
78,FICT,nul,gemiddeld,geen,4.0,3.2,6.5,3.7,7.9,6.2
79,SE,vier,vaak,veel,2.4,2.6,,4.7,5.3,3.6
80,SE,drie,veel,superveel,1.8,2.5,5.5,5.4,5.2,4.3
81,BDAM,twee,vaak,weinig,3.4,2.4,6.5,4.7,6.4,3.5
82,IAT,drie,nooit,veel,3.3,3.2,6.5,3.9,7.2,5.3
83,SE,twee,weinig,gemiddeld,3.3,4.2,6.5,3.0,8.0,6.7
84,SE,drie,veel,geen,2.3,2.8,6.2,5.0,5.7,5.0
85,FICT,zes,weinig,weinig,0.1,0.3,6.1,5.2,0.6,1.0
86,SE,een,veel,veel,3.3,2.9,6.4,3.5,6.6,6.9
87,IAT,drie,vaak,superveel,2.3,3.6,6.5,2.9,6.1,4.0
88,SE,zeven,veel,gemiddeld,0.3,0.6,6.3,5.6,1.9,1.5
89,IAT,vijf,gemiddeld,gemiddeld,1.8,2.2,5.6,5.1,4.0,2.1
90,SE,twee,gemiddeld,gemiddeld,3.1,3.2,7.3,4.2,6.8,6.2
91,BDAM,zeven,gemiddeld,gemiddeld,0.1,0.4,6.2,3.4,0.9,1.0
92,SE,vier,vaak,veel,2.7,3.1,6.1,4.3,6.5,4.5
93,SE,drie,weinig,geen,3.0,3.3,6.2,3.3,7.3,3.3
94,IAT,nul,nooit,veel,3.4,3.6,6.4,2.3,7.2,7.9
95,IAT,een,gemiddeld,gemiddeld,2.7,4.2,7.3,4.4,7.8,7.7
96,BDAM,twee,nooit,veel,3.9,4.2,6.1,5.5,9.1,6.7
97,SE,nul,weinig,geen,2.4,2.8,6.7,2.7,6.1,7.4
98,SE,een,vaak,superveel,3.7,3.7,6.2,3.3,8.1,6.1
99,BDAM,een,weinig,gemiddeld,3.8,4.1,7.1,4.8,8.5,7.1
100,IAT,twee,veel,superveel,4.8,4.2,7.2,5.9,9.7,8.3
101,SE,vijf,gemiddeld,geen,0.6,1.3,7.3,3.9,2.3,4.6
102,SE,vier,weinig,gemiddeld,2.6,2.8,5.5,3.3,5.6,4.1
103,SE,twee,vaak,veel,3.0,3.1,7.1,3.9,6.2,5.4
104,SE,drie,vaak,weinig,3.8,3.3,8.1,3.8,7.3,5.2
105,FICT,zeven,vaak,superveel,1.5,0.7,6.2,5.3,3.0,1.0
106,FICT,nul,nooit,veel,3.8,4.6,7.4,4.2,8.8,7.5
107,SE,drie,weinig,geen,1.6,2.1,5.6,5.7,4.6,5.2
108,SE,drie,vaak,gemiddeld,3.3,3.9,6.8,2.0,7.9,6.7
109,IAT,een,weinig,veel,4.0,3.7,6.5,5.7,8.1,6.8
110,IAT,twee,weinig,geen,2.0,2.4,5.5,2.8,4.6,5.1
111,BDAM,drie,vaak,geen,2.4,2.3,5.5,6.3,5.4,5.8
112,SE,drie,,weinig,3.1,3.1,6.1,5.0,6.9,5.6
113,SE,drie,nooit,gemiddeld,2.0,2.7,5.6,4.0,5.5,4.4
114,FICT,nul,vaak,geen,4.3,3.3,6.1,4.1,8.3,7.4
115,IAT,twee,weinig,veel,3.0,3.5,6.9,2.8,6.6,5.6
116,BDAM,nul,vaak,weinig,4.2,4.1,6.4,2.5,8.9,9.1
117,BDAM,een,nooit,geen,4.5,5.2,6.7,5.6,10.1,6.4
118,SE,nul,nooit,gemiddeld,2.5,2.2,6.9,5.2,5.0,5.9
119,SE,nul,gemiddeld,superveel,3.1,3.2,7.1,3.3,6.3,4.8
120,IAT,nul,vaak,geen,3.4,2.1,7.4,5.2,5.7,6.6
121,BDAM,een,veel,geen,2.9,2.9,7.3,5.4,6.8,6.7
122,BDAM,zeven,gemiddeld,weinig,0.3,0.4,5.6,3.7,0.8,1.0
123,SE,drie,gemiddeld,veel,3.2,3.4,6.8,3.2,7.3,4.9
124,BDAM,drie,vaak,gemiddeld,1.5,2.0,6.2,4.5,3.6,3.9
125,SE,een,veel,superveel,5.2,4.2,5.9,3.9,9.8,8.1
126,SE,zes,veel,geen,1.0,0.4,6.6,3.1,1.9,1.0
127,SE,nul,veel,weinig,3.2,2.8,6.5,3.9,6.1,5.2
128,BDAM,een,vaak,veel,4.8,3.7,6.8,3.7,9.5,5.7
129,FICT,twee,gemiddeld,superveel,4.2,5.4,6.4,3.2,10.5,7.8
130,SE,twee,vaak,geen,3.3,3.4,7.0,4.7,7.6,4.6
131,SE,vier,nooit,gemiddeld,2.6,2.0,6.4,4.9,5.5,3.4
132,FICT,zes,veel,superveel,0.4,0.0,5.5,5.1,0.4,1.0
133,IAT,nul,nooit,veel,5.2,5.7,6.0,4.2,11.8,6.2
134,IAT,een,weinig,superveel,5.1,3.5,6.5,3.6,9.2,7.8
135,SE,vier,weinig,weinig,3.7,3.1,7.0,3.3,6.9,4.6
136,SE,drie,gemiddeld,weinig,4.4,4.1,7.0,2.8,9.5,6.9
137,FICT,twee,veel,weinig,5.2,4.7,5.8,5.7,10.1,5.8
138,SE,vier,vaak,geen,2.5,2.2,5.6,2.5,5.7,4.6
139,BDAM,twee,veel,veel,3.4,4.3,6.6,4.2,8.6,8.2
140,FICT,twee,gemiddeld,veel,4.9,4.4,6.8,5.2,9.6,7.3
141,IAT,twee,weinig,geen,2.3,2.8,6.1,3.2,5.3,6.1
142,IAT,nul,gemiddeld,veel,3.9,3.6,5.7,3.2,8.3,8.3
143,IAT,twee,weinig,geen,3.3,2.8,8.2,4.5,6.4,4.9
144,BDAM,nul,veel,veel,3.6,4.6,6.7,2.0,8.3,7.2
145,IAT,zeven,veel,weinig,0.0,0.7,5.9,4.9,1.7,1.4
146,IAT,twee,gemiddeld,geen,2.3,3.4,5.9,4.1,5.9,4.2
147,SE,drie,vaak,superveel,2.4,2.9,6.6,2.6,5.9,5.2
148,SE,een,veel,gemiddeld,3.8,2.9,6.9,3.9,6.9,9.0
149,SE,zes,veel,gemiddeld,0.1,0.6,6.2,4.1,0.9,1.3
150,IAT,vier,nooit,superveel,4.1,3.2,7.4,4.6,8.0,7.4
151,FICT,twee,veel,superveel,3.6,2.4,5.5,2.5,7.0,4.5
152,SE,een,veel,weinig,2.4,2.3,7.2,3.9,4.8,5.3
153,SE,twee,gemiddeld,gemiddeld,3.5,3.9,7.3,3.2,7.8,7.4
154,SE,vijf,vaak,veel,2.3,2.8,5.9,4.1,5.7,2.5
155,BDAM,twee,gemiddeld,superveel,3.2,2.6,5.5,4.0,6.1,3.0
156,SE,nul,gemiddeld,gemiddeld,3.0,3.5,7.0,,7.5,5.1
157,IAT,een,weinig,gemiddeld,3.8,4.7,6.6,4.4,8.6,7.5
158,FICT,een,vaak,weinig,4.9,4.4,6.6,4.3,10.0,7.2
159,SE,twee,nooit,veel,3.4,2.8,7.7,4.3,6.8,5.1
160,SE,nul,vaak,superveel,3.8,3.9,6.5,4.9,7.9,8.7
161,IAT,nul,vaak,veel,3.8,3.4,5.6,4.6,7.7,7.1
162,IAT,vijf,veel,geen,2.0,2.1,5.6,2.8,4.1,1.7
163,FICT,twee,vaak,geen,3.7,3.1,6.8,2.1,7.2,6.6
164,SE,drie,nooit,geen,3.3,2.3,5.5,3.6,5.8,5.2
165,IAT,zeven,weinig,gemiddeld,0.1,0.1,5.6,3.8,0.4,1.0
166,FICT,zes,,superveel,0.5,1.5,5.7,2.9,2.5,2.2
167,IAT,nul,veel,gemiddeld,4.6,5.1,7.7,3.2,10.1,6.9
168,BDAM,vier,gemiddeld,superveel,1.7,1.8,5.5,4.0,3.9,4.7
169,BDAM,vijf,gemiddeld,gemiddeld,1.2,2.0,6.1,4.0,3.3,3.7
170,BDAM,vier,gemiddeld,gemiddeld,2.8,2.3,5.9,3.9,5.6,4.9
171,BDAM,een,weinig,weinig,3.9,3.7,6.7,2.4,8.2,5.9
172,FICT,een,veel,superveel,3.1,4.5,7.0,3.8,8.3,7.6
173,BDAM,een,nooit,veel,3.4,3.5,6.9,5.1,7.2,7.4
174,FICT,nul,weinig,gemiddeld,4.7,5.0,8.1,4.4,10.7,7.1
175,IAT,nul,nooit,geen,3.1,4.4,6.7,2.6,7.9,8.4
176,FICT,een,vaak,geen,3.9,3.5,5.8,3.7,8.3,6.6
177,SE,zeven,vaak,weinig,0.1,0.0,5.5,3.0,0.2,1.0
178,FICT,twee,gemiddeld,gemiddeld,3.6,4.3,5.8,3.4,8.8,7.1
179,SE,vier,gemiddeld,superveel,2.1,1.7,5.6,5.4,4.5,4.7
180,SE,een,gemiddeld,weinig,3.4,4.9,6.3,4.7,9.1,7.1
181,BDAM,vijf,veel,geen,,0.6,6.4,4.2,2.6,2.1
182,BDAM,nul,weinig,geen,3.4,4.6,6.9,2.9,8.4,8.0
183,BDAM,zes,veel,superveel,2.6,0.7,6.4,4.8,4.1,1.8
184,BDAM,drie,weinig,veel,3.3,3.8,6.4,3.3,7.4,5.7
185,FICT,nul,nooit,veel,5.5,3.9,6.1,4.6,9.9,6.4
186,BDAM,nul,vaak,geen,4.1,3.5,5.9,4.2,7.8,9.1
187,FICT,een,nooit,weinig,4.7,4.6,7.1,4.6,9.8,8.0
188,SE,,gemiddeld,superveel,3.4,4.9,6.7,4.8,8.5,9.0
189,FICT,nul,veel,superveel,3.5,3.9,6.2,4.4,7.9,7.4
190,FICT,zeven,gemiddeld,geen,0.5,0.3,6.0,3.4,1.3,1.4
191,BDAM,twee,weinig,veel,3.7,4.5,7.3,3.3,9.1,6.7
192,BDAM,nul,nooit,superveel,4.5,4.7,6.7,5.6,9.5,7.4
193,SE,twee,vaak,gemiddeld,4.4,3.9,6.6,3.5,8.8,6.3
194,BDAM,een,veel,superveel,4.8,5.5,7.8,4.0,10.8,7.5
195,IAT,zeven,nooit,geen,1.1,0.2,5.6,5.3,1.7,1.0
196,SE,een,gemiddeld,weinig,4.0,4.3,7.3,5.5,8.8,5.2
197,BDAM,een,veel,gemiddeld,3.4,3.9,6.7,3.4,7.6,8.1
198,SE,nul,veel,veel,4.5,4.5,6.0,5.0,9.1,8.3
199,SE,twee,weinig,geen,4.0,3.7,6.5,2.4,8.0,7.6
200,SE,nul,weinig,geen,2.9,2.6,7.2,2.3,5.5,5.2
201,IAT,twee,vaak,gemiddeld,3.8,3.4,7.1,3.3,7.5,7.2
202,IAT,vier,vaak,geen,2.1,2.8,5.9,4.2,5.1,4.2
203,SE,een,nooit,superveel,4.3,3.6,7.1,3.4,8.8,5.9
204,SE,zes,vaak,veel,1.0,0.6,6.2,3.8,1.8,3.1
205,FICT,nul,vaak,veel,4.3,4.5,7.2,1.4,9.2,8.0
206,SE,nul,gemiddeld,geen,3.9,3.6,6.9,,7.9,7.1
207,SE,vier,veel,weinig,2.7,2.7,5.8,5.8,6.3,1.6
208,IAT,nul,vaak,superveel,4.4,3.6,7.6,4.7,8.5,6.2
209,FICT,nul,vaak,gemiddeld,3.5,3.2,7.3,4.3,7.1,6.3
210,BDAM,nul,gemiddeld,geen,3.4,3.9,7.3,4.2,8.3,7.7
211,BDAM,twee,nooit,superveel,3.8,3.8,7.6,3.9,7.7,7.0
212,IAT,vier,vaak,geen,1.1,2.1,5.9,,3.9,3.2
213,SE,zeven,nooit,veel,0.9,0.5,5.6,3.1,1.4,1.5
214,IAT,vijf,vaak,geen,2.8,1.9,5.5,4.6,4.8,2.4
215,SE,drie,nooit,weinig,1.7,3.0,5.6,4.9,5.3,6.7
216,FICT,zes,veel,veel,0.6,0.9,5.7,4.8,1.9,3.0
217,SE,twee,weinig,weinig,1.9,2.3,5.6,3.0,4.6,5.3
218,SE,een,weinig,gemiddeld,3.9,4.5,7.4,1.5,9.0,7.2
219,IAT,zeven,vaak,geen,0.0,0.2,5.5,3.2,0.5,1.0
220,SE,nul,nooit,superveel,4.4,4.1,6.1,4.0,8.8,6.2
221,IAT,,vaak,geen,1.1,0.6,5.6,4.4,2.0,3.3
222,FICT,een,nooit,gemiddeld,4.2,4.7,6.0,2.1,9.5,7.8
223,SE,twee,weinig,superveel,4.5,4.0,7.1,2.7,8.7,8.5
224,SE,zeven,weinig,gemiddeld,0.3,0.4,6.6,2.7,1.4,1.2
225,BDAM,nul,veel,veel,4.8,4.3,6.6,5.4,9.3,8.6
226,IAT,een,vaak,superveel,3.8,3.1,6.5,3.9,7.5,8.1
227,FICT,nul,nooit,geen,4.7,5.0,5.9,4.2,10.5,8.3
228,FICT,drie,nooit,superveel,2.4,3.1,6.0,5.0,6.4,5.1
229,SE,vijf,gemiddeld,geen,1.2,0.5,5.5,4.0,2.1,1.3
230,SE,een,gemiddeld,weinig,3.8,4.1,7.2,6.6,8.0,6.3
231,BDAM,vier,weinig,gemiddeld,2.6,4.2,6.7,,7.7,4.1
232,SE,nul,vaak,veel,5.3,4.3,6.9,3.7,10.4,5.9
233,BDAM,nul,gemiddeld,weinig,3.7,4.4,6.9,3.5,9.1,9.1
234,FICT,zeven,nooit,superveel,0.8,0.2,5.9,,1.0,1.0
235,SE,nul,vaak,gemiddeld,3.1,3.8,6.8,4.3,7.4,7.9
236,IAT,nul,nooit,superveel,3.9,4.7,6.8,5.6,8.9,7.5
237,IAT,een,nooit,gemiddeld,4.5,5.5,7.2,4.4,10.3,6.7
238,SE,een,veel,geen,2.6,3.4,5.5,5.3,6.7,4.6
239,BDAM,nul,gemiddeld,weinig,4.4,5.3,7.0,4.4,10.4,7.6
240,BDAM,twee,vaak,superveel,2.9,3.9,6.1,,7.3,7.2
241,SE,drie,nooit,geen,1.9,1.2,5.8,2.8,3.8,3.8
242,IAT,nul,weinig,geen,3.0,3.1,7.0,4.3,6.4,5.3
243,SE,drie,weinig,gemiddeld,3.1,3.5,6.2,4.7,7.6,4.6
244,SE,twee,weinig,superveel,5.1,3.5,7.0,4.0,9.3,7.8
245,BDAM,vijf,gemiddeld,gemiddeld,0.4,1.6,6.3,3.8,2.5,3.1
246,IAT,een,nooit,veel,4.9,4.7,7.3,2.9,9.7,7.4
247,SE,nul,weinig,veel,5.2,4.5,7.2,3.6,10.5,6.5
248,SE,vier,veel,geen,2.5,3.3,6.4,3.4,6.4,2.8
249,IAT,zes,nooit,veel,0.8,0.2,6.0,,1.7,2.4
250,SE,zeven,gemiddeld,superveel,0.6,0.4,5.5,3.8,1.1,2.0
251,SE,nul,veel,veel,3.8,3.7,6.7,2.2,7.7,8.8
252,SE,een,veel,veel,4.2,5.2,7.1,5.3,9.5,7.9
253,SE,twee,nooit,gemiddeld,4.7,3.8,7.3,5.3,9.5,8.9
254,IAT,nul,gemiddeld,,4.0,3.9,6.3,4.4,8.0,6.5
255,BDAM,nul,gemiddeld,veel,4.5,4.9,7.5,3.6,10.3,6.6
256,FICT,een,nooit,veel,3.3,4.4,6.1,5.7,8.5,7.8
257,FICT,twee,weinig,superveel,5.0,4.4,6.9,6.1,9.6,9.1
258,FICT,twee,gemiddeld,geen,2.8,2.9,6.4,3.2,6.7,4.8
259,FICT,nul,vaak,gemiddeld,3.3,3.8,6.9,2.5,7.2,8.8
260,BDAM,vijf,weinig,veel,1.3,0.4,6.3,3.2,1.8,1.5
261,SE,twee,,superveel,4.3,4.4,6.5,2.6,8.9,6.6
262,SE,nul,veel,weinig,3.6,3.7,6.3,,7.5,6.4
263,SE,een,weinig,geen,5.4,4.5,6.0,5.3,10.7,6.0
264,FICT,vier,veel,weinig,2.6,1.4,6.0,2.4,4.8,2.8
265,FICT,twee,veel,weinig,4.6,4.0,7.1,4.5,9.1,5.7
266,IAT,drie,vaak,superveel,4.1,4.3,7.0,3.8,8.5,5.8
267,SE,nul,vaak,weinig,2.9,2.9,7.0,3.1,6.4,7.1
268,BDAM,twee,veel,veel,4.1,2.8,6.5,3.8,6.9,8.0
269,FICT,vier,gemiddeld,weinig,,2.6,5.6,5.0,5.6,4.7
270,SE,vier,nooit,,1.9,1.9,5.9,1.6,4.6,2.2
271,SE,vier,nooit,veel,3.2,4.1,5.8,2.3,8.0,8.0
272,IAT,nul,veel,geen,3.7,3.4,7.0,4.4,8.1,7.3
273,BDAM,vijf,veel,geen,0.8,0.0,5.9,2.7,1.7,4.3
274,BDAM,zes,veel,veel,0.1,0.7,6.5,3.7,1.5,3.5
275,BDAM,vijf,gemiddeld,weinig,2.8,1.6,5.8,4.0,4.8,1.5
276,SE,drie,nooit,veel,3.6,3.2,6.3,3.9,7.1,7.8
277,BDAM,een,nooit,gemiddeld,2.4,3.5,5.5,4.3,6.5,3.9
278,FICT,een,veel,weinig,5.3,3.9,6.9,4.7,9.8,8.7
279,SE,twee,gemiddeld,veel,3.0,2.7,6.4,5.4,5.9,6.7
280,BDAM,een,nooit,gemiddeld,3.5,4.9,6.2,3.6,8.7,8.4
281,FICT,een,veel,gemiddeld,4.4,4.6,6.8,3.1,9.2,6.4
282,SE,een,gemiddeld,veel,3.7,4.2,6.7,3.3,8.1,7.2
283,SE,zes,gemiddeld,superveel,1.3,0.9,6.2,5.5,3.0,3.8
284,BDAM,vijf,vaak,veel,2.5,1.7,5.6,2.8,4.3,3.1
285,SE,een,vaak,superveel,4.2,2.7,6.7,4.7,7.3,7.7
286,IAT,zeven,gemiddeld,gemiddeld,0.1,1.1,5.8,3.0,1.8,1.0
287,IAT,een,weinig,weinig,5.0,4.3,6.9,5.6,10.2,7.1
288,BDAM,nul,weinig,weinig,4.9,3.8,6.8,3.0,8.9,7.7
289,IAT,nul,weinig,weinig,3.9,4.3,7.5,4.8,9.0,5.3
290,FICT,nul,veel,superveel,4.4,4.9,8.3,4.5,9.5,7.4
291,IAT,vijf,nooit,weinig,2.0,2.7,5.6,,4.8,2.9
292,BDAM,een,veel,geen,4.0,4.0,6.5,5.7,8.7,6.0
293,FICT,zeven,vaak,weinig,0.3,0.0,5.6,3.5,0.5,1.0
294,BDAM,vijf,weinig,geen,1.0,1.0,5.6,2.6,,2.4
295,SE,,vaak,superveel,,0.0,6.2,2.6,0.8,1.0
296,SE,vier,nooit,veel,1.3,1.3,6.0,,3.0,4.3
297,IAT,twee,veel,superveel,3.8,3.8,8.4,4.4,8.2,7.6
298,SE,drie,gemiddeld,geen,2.4,2.8,5.6,2.2,5.2,4.5
299,BDAM,een,veel,geen,4.3,3.9,7.5,1.9,8.3,5.2
300,SE,nul,vaak,gemiddeld,2.6,3.2,5.7,5.1,6.3,3.5
301,SE,twee,vaak,superveel,3.2,4.2,6.6,,7.7,8.0
302,FICT,vijf,veel,geen,0.7,0.8,5.6,3.7,1.9,2.7
303,FICT,drie,vaak,gemiddeld,3.0,3.7,6.4,5.7,6.8,7.6
304,BDAM,zeven,gemiddeld,geen,0.6,0.0,6.4,3.5,0.7,1.0
305,IAT,vier,weinig,geen,2.0,1.9,5.6,3.5,4.7,4.4
306,IAT,zeven,gemiddeld,weinig,0.0,0.2,6.5,5.9,1.2,1.0
307,SE,een,gemiddeld,superveel,4.9,4.2,7.1,2.6,9.2,8.6
308,IAT,een,weinig,gemiddeld,5.1,4.3,6.9,4.8,9.6,6.0
309,BDAM,twee,gemiddeld,veel,3.2,4.5,7.1,4.8,8.3,6.5
310,BDAM,drie,gemiddeld,superveel,2.9,3.4,6.9,3.9,7.2,5.3
311,SE,nul,veel,veel,4.3,4.3,7.3,,9.4,7.2
312,FICT,twee,veel,superveel,3.0,3.8,7.3,4.4,7.1,7.9
313,IAT,twee,vaak,superveel,3.0,2.7,6.7,3.2,6.2,5.0
314,IAT,twee,gemiddeld,geen,4.3,3.3,6.0,2.8,7.8,7.8
315,SE,vier,weinig,veel,,2.4,5.5,4.0,4.7,3.5
316,SE,twee,gemiddeld,geen,3.8,3.3,6.8,3.3,7.7,6.3
317,SE,vijf,veel,superveel,1.9,2.2,5.5,4.4,4.6,4.4
318,SE,twee,weinig,superveel,3.7,3.9,7.2,4.7,7.9,7.6
319,SE,een,vaak,gemiddeld,4.0,5.2,6.5,4.7,9.5,6.6
320,FICT,vijf,nooit,superveel,2.7,1.4,5.6,2.8,4.7,3.6
321,IAT,nul,gemiddeld,gemiddeld,4.5,3.6,7.1,,8.5,7.7
322,BDAM,twee,veel,weinig,2.8,2.7,6.8,4.1,6.4,4.8
323,BDAM,twee,nooit,weinig,3.0,3.5,7.8,3.2,7.1,7.3
324,SE,een,gemiddeld,gemiddeld,,3.4,6.5,3.9,7.0,5.0
325,SE,nul,veel,geen,3.4,3.0,6.9,4.9,6.5,5.5
326,FICT,een,veel,gemiddeld,4.8,4.3,6.6,3.6,9.9,8.2
327,BDAM,vier,weinig,veel,2.0,1.2,5.9,4.2,3.5,3.6
328,IAT,nul,nooit,geen,2.9,1.8,7.0,4.1,5.1,4.3
329,IAT,zes,vaak,veel,0.0,0.1,5.5,3.1,0.4,2.2
330,SE,zes,veel,superveel,2.6,3.4,5.8,4.4,6.1,3.9
331,FICT,twee,nooit,weinig,3.3,3.5,6.5,4.6,6.9,6.3
332,BDAM,vier,vaak,gemiddeld,2.2,1.8,6.7,3.5,4.8,3.7
333,IAT,nul,vaak,superveel,4.1,4.3,7.5,6.1,8.7,7.7
334,SE,nul,vaak,superveel,4.5,4.2,6.7,4.0,9.0,6.9
335,BDAM,zeven,veel,veel,0.3,0.9,5.8,5.3,1.5,2.9
336,IAT,zeven,nooit,veel,0.0,0.3,5.5,3.9,0.7,1.8
337,IAT,nul,nooit,veel,3.5,3.5,6.6,3.0,7.7,6.7
338,BDAM,drie,nooit,gemiddeld,2.3,2.8,6.2,3.6,5.4,3.4
339,SE,een,veel,gemiddeld,3.9,3.5,6.2,2.5,8.3,7.6
340,FICT,vier,gemiddeld,veel,2.7,3.0,5.5,3.3,6.6,4.7
341,SE,een,weinig,superveel,4.0,4.5,7.6,,8.6,7.1
342,SE,twee,veel,geen,3.5,4.2,6.7,2.6,8.2,7.8
343,IAT,vijf,veel,veel,2.9,2.5,5.7,3.4,6.0,2.4
344,SE,nul,gemiddeld,superveel,3.1,4.8,6.6,3.9,8.1,8.0
345,FICT,een,veel,superveel,4.7,3.6,7.1,4.8,8.6,8.9
346,SE,drie,vaak,gemiddeld,3.2,3.2,6.9,3.5,7.0,5.1
347,SE,een,weinig,superveel,,4.3,7.1,4.8,7.8,7.5
348,IAT,zeven,veel,veel,0.0,0.3,6.0,5.2,0.5,1.6
349,SE,drie,gemiddeld,superveel,3.2,4.0,6.6,3.3,8.1,7.4
350,IAT,twee,nooit,geen,3.8,4.0,7.3,4.4,8.7,6.9
351,SE,drie,nooit,superveel,2.9,3.9,7.2,2.7,6.8,7.8
352,IAT,nul,vaak,weinig,2.6,4.1,7.6,4.1,7.3,7.8
353,BDAM,twee,gemiddeld,superveel,4.0,3.9,8.0,4.7,8.5,6.8
354,FICT,twee,veel,veel,4.4,4.1,6.7,3.6,8.8,5.9
355,SE,vier,vaak,weinig,2.4,3.1,5.7,6.5,6.1,3.7
356,SE,een,gemiddeld,gemiddeld,3.8,2.7,6.7,4.7,6.7,4.4
357,BDAM,een,veel,gemiddeld,3.0,4.3,5.8,4.0,7.8,9.0
358,BDAM,drie,weinig,gemiddeld,3.6,3.2,5.6,4.1,7.3,7.2
359,FICT,twee,weinig,veel,4.6,3.2,6.6,3.7,8.1,7.7
360,FICT,vier,veel,gemiddeld,2.5,3.0,6.4,3.7,6.1,3.1
361,FICT,drie,nooit,gemiddeld,4.9,3.6,6.8,2.8,8.7,7.0
362,BDAM,drie,veel,weinig,4.8,4.1,6.6,3.8,9.0,7.2
363,IAT,vijf,veel,geen,1.5,1.8,6.3,5.0,3.5,2.2
364,IAT,twee,vaak,gemiddeld,4.2,4.3,6.9,4.3,8.9,6.4
365,SE,drie,veel,geen,5.1,4.3,6.0,2.9,9.5,6.9
366,BDAM,nul,veel,gemiddeld,5.0,5.0,5.6,4.0,10.5,8.5
367,BDAM,zes,veel,geen,0.5,0.4,6.2,4.3,0.9,1.6
368,IAT,een,veel,gemiddeld,5.0,5.3,6.7,3.7,10.8,7.3
369,SE,vijf,weinig,superveel,2.2,2.6,5.8,3.7,5.5,3.3
370,FICT,nul,vaak,veel,4.3,4.3,6.8,4.7,9.4,6.7
371,SE,nul,weinig,weinig,4.6,4.5,6.4,5.7,9.9,8.2
372,SE,nul,nooit,veel,4.0,4.7,6.2,3.4,8.8,7.4
373,IAT,een,vaak,weinig,3.1,3.1,6.6,5.0,7.0,6.8
374,SE,vier,weinig,geen,3.1,2.2,5.9,3.5,5.9,5.2
375,FICT,vijf,vaak,veel,1.2,1.7,5.6,3.6,3.0,3.8
376,IAT,vijf,gemiddeld,superveel,1.9,1.9,6.0,,4.5,2.6
377,SE,een,nooit,veel,4.8,4.5,7.2,3.5,9.4,8.2
378,BDAM,nul,nooit,superveel,3.7,4.2,6.7,4.5,8.7,8.3
379,SE,een,gemiddeld,veel,4.1,4.0,,4.5,8.7,6.1
380,SE,zes,veel,veel,0.0,0.2,6.1,4.0,0.4,3.5
381,SE,een,gemiddeld,weinig,4.7,3.9,6.7,4.8,8.8,7.3
382,BDAM,nul,weinig,geen,4.3,4.1,6.4,3.0,9.2,6.8
383,IAT,nul,vaak,weinig,3.6,4.0,6.8,4.7,8.0,8.4
384,SE,twee,vaak,veel,5.3,4.0,7.7,3.8,9.7,8.5
385,SE,,veel,geen,3.2,2.7,6.8,3.3,6.2,4.8
386,FICT,nul,veel,gemiddeld,3.1,3.7,6.7,2.8,7.6,8.3
387,SE,nul,nooit,gemiddeld,4.2,4.3,6.7,3.9,8.8,6.8
388,IAT,twee,weinig,gemiddeld,3.3,3.7,7.3,2.9,7.6,6.4
389,BDAM,een,veel,weinig,3.9,4.4,6.4,3.8,8.5,9.1
390,FICT,vier,gemiddeld,veel,3.4,3.6,6.1,3.0,7.1,5.7
391,IAT,drie,nooit,superveel,3.3,2.4,5.7,4.8,6.5,4.7
392,BDAM,zeven,nooit,weinig,0.8,0.0,5.6,3.7,1.7,1.0
393,SE,zeven,veel,veel,0.3,0.8,5.6,3.3,1.7,1.0
394,FICT,vijf,vaak,geen,1.7,0.8,5.7,4.9,3.0,2.8
395,SE,drie,weinig,superveel,3.1,2.7,6.0,4.3,6.5,6.7
396,SE,een,weinig,gemiddeld,4.5,4.0,5.9,4.5,9.2,6.6
397,SE,een,vaak,gemiddeld,4.1,4.5,6.7,2.3,9.1,8.0
398,SE,nul,gemiddeld,gemiddeld,2.9,3.1,6.6,4.2,6.1,6.2
399,SE,een,veel,veel,4.4,3.8,6.7,4.3,8.6,7.4
400,SE,zes,veel,superveel,0.0,0.2,6.3,2.5,0.5,2.3
401,FICT,vier,gemiddeld,,2.0,2.3,5.5,5.1,5.0,3.3
402,SE,een,veel,gemiddeld,4.1,3.7,7.0,3.4,7.9,6.5
403,SE,een,veel,superveel,3.5,2.9,6.7,4.8,7.1,5.6
404,FICT,vier,veel,gemiddeld,1.3,2.2,5.8,,4.3,4.6
405,BDAM,drie,gemiddeld,veel,4.0,,6.7,3.3,8.5,5.7
406,SE,twee,veel,weinig,3.5,4.8,6.1,3.5,9.2,7.4
407,BDAM,vier,gemiddeld,gemiddeld,2.0,2.6,6.8,4.5,5.6,4.3
408,IAT,zeven,nooit,geen,0.3,0.7,5.7,3.6,1.6,1.0
409,SE,vier,gemiddeld,weinig,0.9,1.0,5.5,5.5,2.6,4.1
410,IAT,vier,veel,gemiddeld,2.3,2.4,5.6,5.1,5.2,6.3
411,BDAM,nul,nooit,gemiddeld,5.1,4.9,7.3,4.2,10.7,8.9
412,SE,nul,nooit,veel,4.3,4.9,6.9,3.0,9.4,8.6
413,BDAM,een,gemiddeld,geen,,4.6,6.4,5.0,10.6,7.4
414,SE,nul,weinig,superveel,3.6,3.4,5.9,2.4,7.6,8.1
415,IAT,drie,gemiddeld,weinig,2.3,3.4,6.9,4.3,6.3,4.0
416,IAT,drie,veel,superveel,3.1,3.6,7.4,4.6,7.3,7.7
417,BDAM,drie,vaak,veel,3.4,1.7,6.0,4.0,5.4,3.5
418,SE,zeven,veel,superveel,0.7,0.6,6.5,3.9,2.2,1.0
419,FICT,nul,nooit,weinig,4.1,4.1,6.8,,8.7,7.9
420,SE,zeven,weinig,weinig,0.2,0.5,5.8,4.7,1.1,1.0
421,SE,vier,veel,weinig,2.1,1.9,5.6,5.2,4.8,4.3
422,SE,een,vaak,gemiddeld,2.9,3.2,6.9,6.0,6.2,3.7
423,BDAM,nul,weinig,gemiddeld,4.3,4.8,7.7,5.3,9.1,6.9
424,IAT,twee,weinig,weinig,2.6,3.6,6.2,2.7,6.8,5.2
425,SE,nul,gemiddeld,superveel,3.9,4.5,6.5,3.7,8.4,8.9
426,BDAM,vijf,gemiddeld,veel,2.1,2.5,6.4,,5.0,2.8
427,FICT,twee,veel,gemiddeld,3.2,3.3,6.0,4.0,6.9,6.1
428,FICT,een,gemiddeld,weinig,3.6,4.4,6.7,4.5,8.8,8.8
429,BDAM,twee,gemiddeld,weinig,3.9,4.4,5.6,4.7,8.6,9.1
430,SE,drie,weinig,veel,4.6,3.6,6.3,2.7,8.4,6.8
431,IAT,drie,gemiddeld,veel,3.6,3.5,6.8,6.4,7.4,8.9
432,FICT,twee,gemiddeld,weinig,2.9,2.6,5.5,3.9,5.5,6.1
433,IAT,een,gemiddeld,geen,2.9,3.1,6.5,6.1,6.0,6.1
434,SE,nul,vaak,geen,4.3,4.2,6.4,4.1,8.9,6.7
435,SE,nul,weinig,superveel,4.1,4.7,6.8,2.0,9.2,8.5
436,IAT,vier,veel,weinig,2.0,2.9,5.7,4.4,5.7,3.8
437,IAT,nul,veel,geen,3.6,4.0,6.2,4.0,7.8,8.3
438,IAT,een,weinig,geen,5.2,4.8,6.4,5.4,10.7,7.8
439,FICT,nul,veel,weinig,2.6,2.6,7.3,4.1,6.0,5.1
440,SE,nul,nooit,veel,4.0,4.2,6.5,2.2,8.9,7.7
441,IAT,nul,vaak,geen,4.0,4.1,6.4,,8.9,7.6
442,FICT,twee,vaak,weinig,4.3,3.4,7.6,2.9,8.2,6.2
443,BDAM,drie,veel,gemiddeld,3.3,3.6,6.6,3.6,7.9,7.0
444,BDAM,vier,nooit,weinig,2.0,0.8,5.6,4.2,3.1,2.4
445,SE,een,weinig,superveel,4.0,4.0,6.1,4.8,8.3,6.7
446,FICT,twee,nooit,superveel,3.7,3.0,7.0,3.3,6.9,6.8
447,IAT,een,nooit,veel,4.3,4.6,6.8,4.0,9.7,8.6
448,SE,nul,vaak,gemiddeld,4.5,5.5,7.3,4.0,10.1,7.4
449,SE,twee,weinig,geen,3.6,3.5,6.5,3.4,7.2,8.4
450,BDAM,zeven,gemiddeld,weinig,1.1,0.5,6.6,5.2,1.8,1.2
451,FICT,een,weinig,gemiddeld,5.1,4.5,6.6,4.1,10.1,6.8
452,FICT,drie,gemiddeld,superveel,4.0,2.3,8.0,4.9,6.9,4.4
453,SE,nul,weinig,gemiddeld,4.9,4.6,5.6,4.0,10.0,7.5
454,FICT,twee,veel,geen,4.5,4.5,6.9,5.1,9.7,9.0
455,SE,vier,nooit,geen,2.9,2.0,6.1,4.3,5.8,3.3
456,FICT,twee,gemiddeld,gemiddeld,3.5,2.6,5.6,3.0,6.7,4.9
457,SE,een,weinig,gemiddeld,3.0,3.0,6.9,2.8,6.5,5.1
458,IAT,twee,gemiddeld,superveel,4.8,3.2,7.5,3.4,8.6,6.8
459,SE,vier,vaak,superveel,2.6,2.2,5.6,4.3,4.9,3.7
460,SE,vijf,weinig,superveel,2.1,1.1,5.6,3.3,3.8,3.7
461,SE,vier,nooit,superveel,3.4,3.5,6.0,3.8,7.2,5.3
462,FICT,een,vaak,veel,4.3,4.2,7.2,5.7,9.1,6.5
463,IAT,nul,gemiddeld,gemiddeld,3.8,3.5,6.9,3.9,8.2,8.0
464,FICT,nul,veel,geen,2.9,2.5,7.0,3.4,5.5,5.2
465,SE,twee,gemiddeld,veel,,3.5,6.2,4.2,8.1,7.5
466,SE,nul,gemiddeld,geen,3.8,3.3,6.3,3.4,7.6,5.7
467,IAT,vijf,weinig,superveel,1.0,0.2,5.8,,1.6,3.6
468,SE,nul,veel,veel,4.8,3.2,7.5,4.0,8.4,7.7
469,BDAM,zeven,weinig,superveel,0.6,0.9,5.8,3.5,2.1,2.0
470,IAT,twee,gemiddeld,superveel,3.5,3.4,5.8,4.0,7.8,8.6
471,BDAM,zeven,nooit,geen,1.6,0.1,5.8,5.0,1.9,1.0
472,BDAM,twee,veel,veel,3.0,3.4,6.6,5.8,6.8,5.8
473,FICT,drie,weinig,gemiddeld,3.3,2.8,5.8,3.6,6.9,5.3
474,SE,drie,gemiddeld,weinig,2.9,1.9,6.0,2.7,5.0,3.3
475,SE,een,veel,veel,4.3,5.7,6.7,2.8,10.8,7.1
476,SE,drie,veel,weinig,3.1,3.0,7.2,5.6,6.6,3.6
477,BDAM,twee,nooit,gemiddeld,2.9,2.7,6.9,3.8,6.0,5.5
478,SE,nul,vaak,veel,4.0,3.3,6.8,3.8,7.4,8.2
479,BDAM,nul,vaak,superveel,2.5,3.5,6.7,4.7,6.5,6.5
480,FICT,zeven,veel,weinig,0.9,0.0,5.9,4.0,1.1,1.0
481,SE,een,nooit,veel,4.7,4.5,7.2,4.0,10.0,7.1
482,SE,zeven,weinig,weinig,0.6,0.9,5.6,3.7,1.6,1.0
483,BDAM,vier,weinig,weinig,1.4,0.3,5.6,4.2,2.4,4.3
484,BDAM,een,weinig,gemiddeld,3.8,2.8,6.2,3.9,6.9,5.8
485,BDAM,nul,gemiddeld,veel,5.2,4.8,6.7,4.5,10.7,9.1
486,SE,zes,vaak,gemiddeld,0.9,0.8,5.9,5.5,2.3,1.4
487,SE,zeven,gemiddeld,geen,1.1,0.2,5.6,4.2,2.0,1.0
488,SE,zeven,weinig,superveel,0.7,0.1,5.9,2.3,1.8,2.4
489,BDAM,nul,vaak,geen,2.5,3.1,6.7,4.3,6.2,6.1
490,BDAM,vijf,veel,gemiddeld,1.0,2.3,5.7,4.1,3.6,3.4
491,SE,nul,nooit,veel,3.7,4.1,7.4,3.7,8.7,9.1
492,BDAM,een,gemiddeld,geen,4.2,3.7,6.6,3.9,8.7,6.4
493,FICT,nul,nooit,weinig,5.4,4.7,6.6,4.1,10.6,7.5
494,SE,een,gemiddeld,gemiddeld,4.3,4.3,6.1,3.7,9.4,7.9
495,FICT,zeven,gemiddeld,gemiddeld,0.0,0.1,6.5,6.2,1.0,1.0
496,IAT,vier,gemiddeld,gemiddeld,3.1,1.7,5.5,3.3,5.1,3.2
497,SE,nul,weinig,veel,3.1,4.5,7.1,4.2,8.2,8.7
498,SE,vier,nooit,superveel,2.9,2.9,7.2,5.0,6.1,6.2
499,BDAM,zes,vaak,veel,1.2,0.0,5.6,3.7,2.2,2.1
500,BDAM,vier,weinig,superveel,2.0,2.7,6.1,3.1,5.1,4.8
501,FICT,twee,weinig,,3.1,3.3,6.3,3.5,7.0,4.3
502,FICT,een,gemiddeld,geen,4.4,4.0,7.3,3.9,9.2,7.3
503,SE,vier,weinig,superveel,0.8,1.5,5.6,3.5,2.6,4.4
504,IAT,nul,weinig,gemiddeld,3.6,4.8,6.4,5.1,9.2,7.2
505,SE,nul,nooit,gemiddeld,3.7,3.5,5.8,3.8,7.7,7.1
506,SE,vier,weinig,weinig,2.7,1.8,5.8,3.6,5.2,4.5
507,IAT,drie,weinig,superveel,3.6,3.7,6.9,2.0,7.3,6.0
508,IAT,twee,gemiddeld,veel,3.8,3.3,7.2,3.4,7.4,9.0
509,BDAM,nul,veel,geen,3.5,3.5,7.1,4.0,7.3,6.4
510,FICT,drie,vaak,gemiddeld,3.4,3.6,7.8,3.9,7.5,7.3
511,BDAM,nul,vaak,veel,3.4,3.7,7.2,3.7,7.7,6.3
512,IAT,vijf,nooit,veel,1.2,1.2,5.6,4.4,2.7,1.3
513,SE,een,gemiddeld,superveel,3.8,4.0,6.9,1.8,8.6,7.7
514,IAT,vier,veel,superveel,3.0,2.8,5.8,4.6,6.6,4.7
515,IAT,vier,gemiddeld,veel,3.2,3.6,6.0,4.7,7.2,6.4
516,SE,zeven,weinig,geen,0.4,1.4,5.6,3.3,2.2,2.1
517,SE,een,veel,geen,3.2,3.4,6.5,4.2,7.3,5.7
518,IAT,twee,nooit,geen,3.6,2.9,6.4,4.9,7.1,5.0
519,FICT,nul,vaak,weinig,4.2,3.8,7.5,4.9,8.7,9.1
520,SE,vier,gemiddeld,veel,3.2,3.3,7.0,3.1,7.3,4.4
521,FICT,twee,nooit,gemiddeld,4.4,4.8,7.1,3.9,9.2,5.9
522,BDAM,een,veel,gemiddeld,5.6,4.8,7.0,2.8,10.4,9.1
523,SE,vijf,veel,weinig,1.8,1.9,5.8,4.4,4.7,3.7
524,IAT,nul,vaak,geen,3.1,2.3,5.7,4.6,6.0,5.7
525,FICT,zeven,vaak,gemiddeld,1.4,0.0,5.6,3.7,1.9,1.0
526,FICT,zeven,vaak,weinig,0.7,0.2,5.6,5.2,1.3,1.0
527,SE,zeven,vaak,gemiddeld,0.3,0.5,6.3,4.3,1.8,1.0
528,IAT,een,weinig,weinig,3.2,3.1,7.3,2.8,6.4,6.9
529,FICT,een,,geen,4.7,4.5,7.3,3.9,9.4,8.2
530,SE,twee,nooit,weinig,3.2,3.2,6.7,3.7,6.9,5.3
531,IAT,vijf,gemiddeld,geen,2.3,2.0,5.7,4.3,5.0,1.9
532,SE,drie,nooit,veel,3.2,3.7,7.0,3.6,7.8,8.2
533,BDAM,vijf,weinig,gemiddeld,1.7,1.0,6.0,3.8,3.4,3.0
534,SE,een,vaak,gemiddeld,4.5,4.4,6.3,3.2,9.2,8.9
535,BDAM,zeven,veel,veel,0.0,0.8,5.8,4.4,0.8,1.0
536,SE,nul,nooit,geen,3.8,3.7,6.4,3.8,7.8,7.6
537,SE,nul,veel,superveel,4.0,3.8,6.0,2.9,8.0,8.3
538,FICT,twee,weinig,weinig,3.4,3.1,6.9,2.9,6.6,5.9
539,SE,vier,veel,superveel,3.2,3.0,5.6,4.3,6.8,3.6
540,FICT,vijf,veel,weinig,1.3,0.8,5.9,5.9,2.3,2.4
541,BDAM,drie,gemiddeld,veel,,3.2,5.8,3.7,6.0,4.4
542,FICT,drie,weinig,veel,4.0,3.3,6.2,4.9,7.7,5.3
543,FICT,twee,vaak,superveel,4.0,4.1,6.6,3.8,8.3,6.7
544,SE,nul,weinig,gemiddeld,4.4,4.3,5.6,2.9,9.4,7.1
545,IAT,drie,vaak,veel,2.9,1.4,6.1,5.1,4.7,5.2
546,IAT,een,weinig,weinig,3.4,4.0,7.0,3.2,7.9,9.1
547,FICT,een,nooit,gemiddeld,5.3,4.6,6.8,5.4,10.2,8.3
548,BDAM,vijf,weinig,superveel,1.1,0.0,5.6,4.4,2.1,3.9
549,FICT,zeven,vaak,weinig,0.5,0.6,5.5,4.0,1.8,1.0
550,IAT,een,weinig,superveel,4.0,4.3,6.5,4.3,9.3,8.6
551,SE,zes,nooit,veel,1.1,0.9,6.2,3.7,2.7,2.1
552,IAT,drie,weinig,gemiddeld,3.5,4.4,6.6,4.5,8.0,6.9
553,FICT,drie,veel,weinig,3.5,3.2,6.2,3.6,7.4,6.2
554,BDAM,vier,veel,gemiddeld,3.3,1.6,5.5,2.5,5.4,5.5
555,IAT,twee,weinig,gemiddeld,3.9,5.0,6.8,5.1,9.7,7.4
556,BDAM,drie,veel,geen,2.3,3.5,6.5,3.8,6.3,3.9
557,SE,vier,vaak,geen,2.2,3.1,6.7,,5.4,4.8
558,BDAM,twee,gemiddeld,geen,3.3,3.6,6.4,3.7,7.7,7.8
559,FICT,nul,gemiddeld,weinig,3.3,3.4,6.9,4.0,6.8,8.0
560,FICT,drie,weinig,geen,2.1,2.1,5.8,1.9,4.4,5.1
561,SE,vier,veel,superveel,3.8,4.1,6.6,3.5,8.1,5.8
562,BDAM,vier,vaak,geen,3.0,2.6,6.1,3.4,6.3,4.7
563,IAT,zes,gemiddeld,geen,1.5,0.5,5.8,3.1,2.6,1.8
564,BDAM,nul,veel,veel,4.1,3.4,6.4,2.7,7.9,7.8
565,SE,zeven,vaak,superveel,0.4,0.0,5.7,2.9,0.6,1.0
566,BDAM,nul,weinig,superveel,4.7,5.3,6.7,,11.0,8.4
567,SE,een,vaak,weinig,4.5,4.7,7.2,3.2,10.2,6.8
568,IAT,vier,weinig,weinig,1.9,2.5,5.9,5.1,5.0,4.5
569,SE,nul,gemiddeld,weinig,2.2,2.0,7.5,5.8,5.1,6.1
570,IAT,nul,weinig,weinig,4.4,4.5,6.4,3.6,9.1,6.4
571,SE,nul,vaak,weinig,4.0,4.0,7.0,4.9,9.0,6.0
572,SE,nul,nooit,veel,2.4,3.3,6.1,4.0,6.5,5.8
573,BDAM,twee,vaak,superveel,4.0,4.1,6.9,4.3,8.4,8.6
574,FICT,nul,,superveel,4.8,4.8,6.9,3.6,10.5,5.9
575,BDAM,zes,nooit,gemiddeld,0.4,0.7,6.2,4.6,1.4,1.9
576,FICT,zeven,vaak,superveel,0.7,0.4,5.6,3.5,1.5,2.0
577,SE,nul,nooit,superveel,4.8,3.5,6.4,3.6,9.0,9.1
578,BDAM,een,veel,veel,2.8,2.7,5.7,4.4,6.2,5.5
579,SE,een,weinig,,4.4,5.7,5.9,4.2,10.1,7.9
580,FICT,zes,gemiddeld,veel,1.3,1.2,6.5,2.0,,1.4
581,SE,een,vaak,geen,3.7,3.5,6.5,3.3,7.5,7.4
582,SE,vier,nooit,gemiddeld,,3.0,5.6,3.4,5.5,2.7
583,SE,twee,vaak,weinig,3.5,4.0,7.1,5.2,7.6,6.5
584,BDAM,zes,vaak,geen,0.7,0.9,6.7,6.4,2.3,2.6
585,SE,twee,weinig,superveel,5.3,3.9,7.4,3.2,9.5,7.8
586,FICT,vier,gemiddeld,geen,1.6,0.8,5.7,4.3,3.0,4.9
587,BDAM,vier,veel,geen,1.1,1.8,5.6,4.7,3.7,3.8
588,SE,nul,gemiddeld,weinig,3.6,3.8,6.6,3.8,8.1,6.8
589,BDAM,drie,veel,geen,3.9,4.4,6.9,3.0,8.6,9.0
590,IAT,een,vaak,weinig,3.8,4.5,7.0,3.6,8.4,6.1
591,SE,vier,gemiddeld,gemiddeld,2.7,3.7,7.2,2.8,7.4,3.7
592,SE,een,weinig,weinig,2.9,2.8,6.5,3.7,6.1,3.8
593,SE,nul,nooit,gemiddeld,4.8,3.5,7.5,4.0,8.4,7.5
594,BDAM,nul,nooit,weinig,3.9,4.0,6.7,,8.2,8.4
595,FICT,drie,veel,superveel,4.4,3.1,6.6,4.3,7.8,6.8
596,IAT,vijf,gemiddeld,geen,1.6,2.2,5.6,2.7,4.1,2.8
597,SE,zeven,weinig,veel,0.8,0.8,5.6,4.0,2.6,1.8
598,FICT,een,veel,weinig,3.9,3.8,6.1,3.1,8.1,6.8
599,SE,zeven,vaak,superveel,0.2,1.5,6.3,2.2,2.1,1.0
600,SE,vier,veel,geen,0.9,1.8,5.5,4.1,3.3,4.9
601,IAT,een,gemiddeld,geen,4.4,4.8,6.4,3.0,9.6,7.0
602,SE,zeven,vaak,weinig,0.2,0.3,5.7,2.2,1.1,1.0
603,IAT,drie,gemiddeld,gemiddeld,3.3,3.5,5.6,4.0,7.5,6.0
604,SE,vier,weinig,gemiddeld,1.9,2.4,5.6,4.6,5.3,4.4
605,IAT,een,veel,superveel,3.7,5.1,6.9,3.6,9.0,7.1
606,FICT,een,gemiddeld,gemiddeld,3.7,3.9,7.3,4.0,8.2,7.2
607,SE,nul,nooit,weinig,3.2,3.3,6.8,4.1,6.7,6.2
608,SE,twee,gemiddeld,superveel,3.1,2.5,6.5,4.2,6.5,5.0
609,IAT,zes,weinig,gemiddeld,0.8,0.0,5.8,3.7,1.2,1.7
610,IAT,zeven,vaak,geen,0.6,0.0,5.5,4.1,1.5,1.1
611,FICT,twee,nooit,gemiddeld,3.4,3.1,6.0,4.6,6.6,5.7
612,SE,zeven,nooit,superveel,0.0,1.4,5.7,3.8,1.5,1.8
613,SE,vijf,nooit,geen,2.3,0.8,6.0,4.4,3.5,4.3
614,IAT,zeven,veel,superveel,1.1,0.8,5.6,3.5,2.7,1.0
615,BDAM,,veel,gemiddeld,2.2,2.5,6.5,3.3,5.0,3.9
616,BDAM,zeven,nooit,superveel,0.5,0.3,5.6,5.9,,1.4
617,FICT,vijf,gemiddeld,geen,1.4,2.2,6.4,,3.6,2.8
618,FICT,vijf,gemiddeld,geen,0.7,1.4,5.7,4.1,2.7,3.9
619,BDAM,drie,veel,gemiddeld,4.5,4.0,7.4,5.2,8.7,8.6
620,IAT,drie,weinig,geen,2.6,2.4,5.7,5.0,5.3,5.4
621,BDAM,vijf,veel,gemiddeld,0.0,1.1,6.6,4.6,2.1,1.0
622,SE,nul,veel,superveel,3.9,4.5,6.4,3.8,8.6,7.6
623,SE,drie,nooit,superveel,4.0,4.0,6.5,4.6,8.9,7.6
624,FICT,,veel,weinig,1.8,2.3,6.5,5.4,4.9,1.0
625,IAT,drie,,geen,3.3,2.6,6.6,2.7,5.9,4.1
626,IAT,vier,nooit,geen,0.6,0.5,6.1,4.2,1.2,4.2
627,BDAM,vier,vaak,superveel,1.7,1.9,6.4,3.9,4.1,3.9
628,SE,twee,veel,gemiddeld,3.2,5.3,6.2,4.0,9.4,9.0
629,SE,vier,veel,gemiddeld,0.8,1.6,5.9,3.1,2.8,5.6
630,BDAM,vier,weinig,superveel,2.8,2.0,5.7,,4.8,3.0
631,FICT,zes,vaak,weinig,0.2,0.3,6.1,3.4,1.4,2.1
632,IAT,zes,vaak,geen,0.9,0.0,5.8,2.9,1.6,4.3
633,BDAM,drie,vaak,gemiddeld,1.8,3.1,5.5,1.9,5.9,3.1
634,IAT,een,nooit,geen,4.1,4.8,6.2,3.2,9.3,5.8
635,FICT,twee,nooit,superveel,4.1,3.0,6.4,2.5,7.9,7.4
636,IAT,nul,veel,veel,4.0,3.8,7.3,1.6,7.8,6.8
637,SE,twee,weinig,weinig,3.6,4.1,5.9,4.1,8.6,6.9
638,SE,vier,weinig,gemiddeld,2.4,2.2,6.3,7.1,5.0,4.7
639,BDAM,zeven,nooit,superveel,0.0,0.1,5.9,5.1,0.3,1.0
640,SE,vijf,vaak,superveel,1.1,1.2,5.6,3.9,3.1,3.8
641,SE,twee,weinig,gemiddeld,3.0,3.4,7.3,2.8,6.6,6.1
642,IAT,twee,gemiddeld,superveel,3.9,5.9,6.0,4.3,10.5,5.6
643,BDAM,nul,weinig,superveel,3.5,3.8,7.7,5.1,7.8,8.5
644,BDAM,zeven,nooit,gemiddeld,0.7,0.6,5.8,3.5,2.0,1.0
645,SE,nul,veel,superveel,4.6,5.1,7.7,5.2,10.3,7.0
646,SE,twee,weinig,weinig,2.4,2.7,6.1,3.2,5.2,2.6
647,BDAM,een,nooit,weinig,4.1,4.2,7.2,5.5,8.4,9.0
648,SE,vijf,vaak,superveel,1.4,1.7,5.6,4.3,3.8,1.7
649,IAT,zeven,weinig,geen,0.3,0.0,5.9,5.1,0.7,1.0
650,BDAM,vier,nooit,weinig,1.7,2.3,5.5,3.5,4.1,4.2
651,FICT,nul,weinig,veel,3.4,2.6,7.2,3.3,6.6,4.0
652,SE,drie,gemiddeld,gemiddeld,3.5,4.2,6.5,4.9,7.8,5.9
653,SE,nul,nooit,geen,5.6,4.1,7.2,2.1,10.7,6.1
654,SE,zes,vaak,gemiddeld,0.4,0.8,6.1,3.1,2.0,2.4
655,SE,vier,veel,geen,1.9,1.8,5.9,3.1,4.1,4.2
656,IAT,drie,nooit,superveel,4.3,3.8,6.5,3.7,8.7,7.2
657,BDAM,nul,gemiddeld,veel,4.9,3.8,6.3,3.8,8.8,8.9
658,FICT,twee,veel,veel,4.5,3.2,6.7,3.8,8.6,6.1
659,SE,twee,weinig,superveel,3.2,4.1,7.2,5.5,8.2,7.8
660,IAT,een,nooit,veel,5.1,4.7,7.0,2.5,10.2,7.7
661,BDAM,een,nooit,veel,4.4,3.6,7.2,3.7,8.5,7.4
662,FICT,een,weinig,veel,4.9,4.8,6.5,3.4,10.1,7.3
663,IAT,een,vaak,geen,3.4,3.6,6.9,3.8,7.0,7.8
664,BDAM,drie,nooit,geen,3.3,2.9,6.3,2.7,6.4,5.4
665,BDAM,een,nooit,veel,2.6,3.4,5.9,5.0,6.5,4.6
666,BDAM,drie,vaak,gemiddeld,4.6,5.0,6.7,4.0,9.9,7.2
667,SE,drie,nooit,geen,3.6,1.5,5.9,6.0,5.1,5.7
668,IAT,zes,weinig,veel,1.2,0.9,6.4,6.2,3.0,1.8
669,BDAM,een,vaak,gemiddeld,3.0,3.4,6.2,2.1,6.5,5.3
670,FICT,een,veel,geen,3.6,3.7,6.6,3.3,7.3,6.4
671,IAT,nul,gemiddeld,weinig,3.6,4.2,6.5,4.5,7.8,6.8
672,SE,drie,vaak,weinig,2.4,2.5,6.9,2.7,5.7,4.8
673,BDAM,vier,weinig,geen,2.3,1.9,6.1,3.4,4.5,2.9
674,SE,een,gemiddeld,weinig,2.9,3.9,6.5,,6.8,7.2
675,FICT,twee,vaak,weinig,3.0,3.5,6.6,3.2,7.5,4.3
676,IAT,drie,nooit,geen,3.5,3.8,6.4,5.0,7.4,6.4
677,BDAM,zeven,nooit,superveel,0.0,1.9,6.4,3.7,2.3,1.0
678,BDAM,drie,nooit,geen,3.6,4.1,6.3,3.2,8.6,5.4
679,SE,nul,veel,gemiddeld,4.5,4.8,7.1,3.3,10.1,8.5
680,FICT,twee,gemiddeld,superveel,4.9,4.0,6.7,3.8,9.6,7.9
681,FICT,vier,gemiddeld,veel,2.2,1.7,5.6,4.2,4.7,4.7
682,IAT,zeven,vaak,superveel,0.0,0.6,5.6,,0.8,1.0
683,SE,zeven,gemiddeld,gemiddeld,0.7,0.7,6.3,5.0,1.8,1.0
684,SE,vier,,gemiddeld,2.8,2.2,6.0,5.6,5.5,3.1
685,SE,vijf,weinig,weinig,1.5,1.1,6.2,4.4,3.1,3.8
686,FICT,vijf,veel,gemiddeld,1.0,1.8,5.5,6.0,3.7,2.7
687,FICT,een,weinig,superveel,4.3,2.8,6.7,3.6,7.9,7.8
688,SE,drie,weinig,geen,3.4,2.6,6.8,5.0,6.4,3.0
689,SE,een,gemiddeld,veel,3.4,3.8,6.3,4.6,7.2,7.2
690,BDAM,nul,weinig,superveel,5.6,4.6,6.6,4.9,10.4,7.4
691,IAT,nul,weinig,superveel,4.7,5.0,7.2,3.4,10.3,7.1
692,SE,vijf,veel,gemiddeld,0.9,0.9,5.8,4.5,2.1,4.5
693,BDAM,een,veel,weinig,3.8,3.5,6.2,4.2,8.2,7.2
694,SE,drie,gemiddeld,gemiddeld,3.7,3.3,7.2,4.8,7.5,7.5
695,FICT,een,weinig,gemiddeld,4.0,3.2,6.9,3.6,7.7,7.3
696,BDAM,vier,nooit,geen,0.9,2.0,5.5,5.3,3.1,5.8
697,SE,twee,nooit,superveel,3.5,3.7,6.7,5.2,7.4,8.1
698,BDAM,zes,nooit,superveel,0.5,1.0,6.4,3.8,2.5,1.5
699,IAT,nul,nooit,veel,4.2,3.9,6.3,3.9,8.7,8.1
700,FICT,een,weinig,veel,4.5,4.8,6.4,3.5,9.9,6.4
701,IAT,een,vaak,gemiddeld,4.4,5.0,6.0,3.8,9.8,7.3
702,IAT,drie,gemiddeld,weinig,3.1,2.7,6.6,5.7,6.1,4.1
703,FICT,vier,nooit,weinig,1.7,3.6,5.6,3.8,5.3,4.9
704,SE,een,veel,gemiddeld,3.4,2.5,6.7,3.6,6.7,4.0
705,SE,een,vaak,gemiddeld,3.3,3.8,6.6,4.1,7.6,7.4
706,SE,drie,gemiddeld,geen,3.6,2.1,6.1,2.1,6.3,4.7
707,SE,nul,veel,veel,3.8,2.7,6.2,2.7,6.8,6.5
708,BDAM,een,veel,weinig,,4.0,6.2,4.2,8.8,7.3
709,BDAM,vier,vaak,gemiddeld,1.4,1.4,5.5,4.2,3.7,3.8
710,FICT,zeven,weinig,geen,1.3,0.6,5.7,3.3,2.5,1.0
711,FICT,twee,gemiddeld,veel,2.4,3.8,6.6,3.9,6.2,3.5
712,SE,zeven,veel,weinig,1.7,1.0,6.1,3.6,,2.2
713,SE,zeven,veel,weinig,0.4,0.9,5.6,4.1,1.6,1.0
714,SE,drie,gemiddeld,gemiddeld,2.4,2.0,5.5,4.3,4.8,4.2
715,SE,zeven,gemiddeld,weinig,0.6,1.3,5.9,4.6,2.3,1.0
716,SE,vier,gemiddeld,veel,3.0,2.4,5.8,3.4,6.1,3.6
717,FICT,nul,veel,superveel,4.8,3.5,7.5,6.2,9.2,9.1
718,IAT,vier,veel,weinig,2.0,2.7,5.6,3.7,5.0,5.5
719,IAT,nul,veel,gemiddeld,4.6,3.9,7.0,3.5,9.3,7.8
720,BDAM,een,weinig,gemiddeld,5.2,3.7,6.6,3.3,9.3,9.1
721,BDAM,nul,vaak,veel,4.6,4.9,7.0,2.4,10.0,9.0
722,SE,zes,veel,veel,1.3,0.9,6.1,5.4,2.4,1.1
723,SE,vijf,,weinig,0.1,0.0,6.2,3.7,0.4,3.7
724,BDAM,nul,nooit,geen,4.2,3.7,6.7,4.2,8.8,7.0
725,BDAM,een,weinig,weinig,3.6,4.3,6.5,5.8,7.9,7.0
726,FICT,vier,vaak,geen,2.9,1.7,6.0,4.8,5.5,4.2
727,BDAM,een,nooit,superveel,,4.2,7.0,4.1,9.9,9.1
728,SE,zeven,veel,superveel,0.2,0.4,5.6,3.9,0.8,1.0
729,SE,vier,nooit,superveel,2.6,3.0,6.1,5.3,6.0,4.0
730,IAT,vijf,weinig,gemiddeld,2.2,1.7,6.2,2.7,4.8,2.4
731,SE,twee,veel,weinig,3.5,4.1,6.0,3.4,8.0,8.4
732,FICT,vijf,gemiddeld,veel,2.1,1.8,5.8,4.6,4.0,3.4
733,FICT,drie,vaak,weinig,4.4,4.7,7.4,4.4,9.1,6.4
734,BDAM,vier,weinig,weinig,1.4,1.8,6.2,3.9,3.2,3.4
735,BDAM,een,weinig,geen,4.5,5.2,6.4,5.5,9.8,7.1
736,FICT,een,nooit,superveel,5.4,4.4,6.5,3.5,10.5,9.0
737,SE,vier,gemiddeld,veel,3.6,4.0,6.7,5.3,7.7,5.6
738,IAT,vier,vaak,geen,2.0,1.8,5.7,4.7,4.7,3.9
739,SE,vier,veel,weinig,2.2,1.8,5.5,2.2,4.1,4.0
740,FICT,zeven,vaak,gemiddeld,0.3,0.9,6.4,2.5,1.3,1.0
741,SE,een,veel,veel,3.6,4.4,7.0,2.5,8.7,7.8
742,IAT,zeven,vaak,gemiddeld,0.4,0.7,5.9,4.4,1.5,1.3
743,SE,een,gemiddeld,gemiddeld,,3.7,6.4,5.2,8.2,7.5
744,FICT,een,weinig,geen,2.8,2.9,6.3,4.0,6.1,4.4
745,IAT,zeven,weinig,superveel,1.8,0.4,5.6,1.5,2.6,1.0
746,IAT,nul,,veel,4.1,5.6,6.2,3.8,10.4,5.8
747,SE,nul,nooit,weinig,4.3,4.5,6.7,4.8,8.8,7.7
748,BDAM,vijf,vaak,gemiddeld,2.0,1.3,6.0,5.0,3.9,4.7
749,BDAM,vijf,weinig,weinig,1.1,1.4,5.5,4.1,3.4,1.6
750,IAT,een,vaak,superveel,4.3,4.0,6.7,3.3,8.9,8.2