koop,onderhoud,deuren,personen,kofferbak,veiligheid,Is_staat_goed
zeer hoog,zeer hoog,2.0,2.0,klein,laag,FALSE
zeer hoog,zeer hoog,2.0,2.0,klein,medium,FALSE
zeer hoog,zeer hoog,2.0,2.0,klein,hoog,FALSE
zeer hoog,zeer hoog,2.0,2.0,medium,laag,FALSE
zeer hoog,zeer hoog,2.0,2.0,medium,medium,FALSE
zeer hoog,zeer hoog,2.0,2.0,medium,hoog,FALSE
zeer hoog,zeer hoog,2.0,2.0,groot,laag,FALSE
zeer hoog,zeer hoog,2.0,2.0,groot,medium,FALSE
zeer hoog,zeer hoog,2.0,2.0,groot,hoog,FALSE
zeer hoog,zeer hoog,2.0,4.0,klein,laag,FALSE
zeer hoog,zeer hoog,2.0,4.0,klein,medium,FALSE
zeer hoog,zeer hoog,2.0,4.0,klein,hoog,FALSE
zeer hoog,zeer hoog,2.0,4.0,medium,laag,FALSE
zeer hoog,zeer hoog,2.0,4.0,medium,medium,FALSE
zeer hoog,zeer hoog,2.0,4.0,medium,hoog,FALSE
zeer hoog,zeer hoog,2.0,4.0,groot,laag,FALSE
zeer hoog,zeer hoog,2.0,4.0,groot,medium,FALSE
zeer hoog,zeer hoog,2.0,4.0,groot,hoog,FALSE
zeer hoog,zeer hoog,2.0,7.0,klein,laag,FALSE
zeer hoog,zeer hoog,2.0,7.0,klein,medium,FALSE
zeer hoog,zeer hoog,2.0,7.0,klein,hoog,FALSE
zeer hoog,zeer hoog,2.0,7.0,medium,laag,FALSE
zeer hoog,zeer hoog,2.0,7.0,medium,medium,FALSE
zeer hoog,zeer hoog,2.0,7.0,medium,hoog,FALSE
zeer hoog,zeer hoog,2.0,7.0,groot,laag,FALSE
zeer hoog,zeer hoog,2.0,7.0,groot,medium,FALSE
zeer hoog,zeer hoog,2.0,7.0,groot,hoog,FALSE
zeer hoog,zeer hoog,3.0,2.0,klein,laag,FALSE
zeer hoog,zeer hoog,3.0,2.0,klein,medium,FALSE
zeer hoog,zeer hoog,3.0,2.0,klein,hoog,FALSE
zeer hoog,zeer hoog,3.0,2.0,medium,laag,FALSE
zeer hoog,zeer hoog,3.0,2.0,medium,medium,FALSE
zeer hoog,zeer hoog,3.0,2.0,medium,hoog,FALSE
zeer hoog,zeer hoog,3.0,2.0,groot,laag,FALSE
zeer hoog,zeer hoog,3.0,2.0,groot,medium,FALSE
zeer hoog,zeer hoog,3.0,2.0,groot,hoog,FALSE
zeer hoog,zeer hoog,3.0,4.0,klein,laag,FALSE
zeer hoog,zeer hoog,3.0,4.0,klein,medium,FALSE
zeer hoog,zeer hoog,3.0,4.0,klein,hoog,FALSE
zeer hoog,zeer hoog,3.0,4.0,medium,laag,FALSE
zeer hoog,zeer hoog,3.0,4.0,medium,medium,FALSE
zeer hoog,zeer hoog,3.0,4.0,medium,hoog,FALSE
zeer hoog,zeer hoog,3.0,4.0,groot,laag,FALSE
zeer hoog,zeer hoog,3.0,4.0,groot,medium,FALSE
zeer hoog,zeer hoog,3.0,4.0,groot,hoog,FALSE
zeer hoog,zeer hoog,3.0,7.0,klein,laag,FALSE
zeer hoog,zeer hoog,3.0,7.0,klein,medium,FALSE
zeer hoog,zeer hoog,3.0,7.0,klein,hoog,FALSE
zeer hoog,zeer hoog,3.0,7.0,medium,laag,FALSE
zeer hoog,zeer hoog,3.0,7.0,medium,medium,FALSE
zeer hoog,zeer hoog,3.0,7.0,medium,hoog,FALSE
zeer hoog,zeer hoog,3.0,7.0,groot,laag,FALSE
zeer hoog,zeer hoog,3.0,7.0,groot,medium,FALSE
zeer hoog,zeer hoog,3.0,7.0,groot,hoog,FALSE
zeer hoog,zeer hoog,4.0,2.0,klein,laag,FALSE
zeer hoog,zeer hoog,4.0,2.0,klein,medium,FALSE
zeer hoog,zeer hoog,4.0,2.0,klein,hoog,FALSE
zeer hoog,zeer hoog,4.0,2.0,medium,laag,FALSE
zeer hoog,zeer hoog,4.0,2.0,medium,medium,FALSE
zeer hoog,zeer hoog,4.0,2.0,medium,hoog,FALSE
zeer hoog,zeer hoog,4.0,2.0,groot,laag,FALSE
zeer hoog,zeer hoog,4.0,2.0,groot,medium,FALSE
zeer hoog,zeer hoog,4.0,2.0,groot,hoog,FALSE
zeer hoog,zeer hoog,4.0,4.0,klein,laag,FALSE
zeer hoog,zeer hoog,4.0,4.0,klein,medium,FALSE
zeer hoog,zeer hoog,4.0,4.0,klein,hoog,FALSE
zeer hoog,zeer hoog,4.0,4.0,medium,laag,FALSE
zeer hoog,zeer hoog,4.0,4.0,medium,medium,FALSE
zeer hoog,zeer hoog,4.0,4.0,medium,hoog,FALSE
zeer hoog,zeer hoog,4.0,4.0,groot,laag,FALSE
zeer hoog,zeer hoog,4.0,4.0,groot,medium,FALSE
zeer hoog,zeer hoog,4.0,4.0,groot,hoog,FALSE
zeer hoog,zeer hoog,4.0,7.0,klein,laag,FALSE
zeer hoog,zeer hoog,4.0,7.0,klein,medium,FALSE
zeer hoog,zeer hoog,4.0,7.0,klein,hoog,FALSE
zeer hoog,zeer hoog,4.0,7.0,medium,laag,FALSE
zeer hoog,zeer hoog,4.0,7.0,medium,medium,FALSE
zeer hoog,zeer hoog,4.0,7.0,medium,hoog,FALSE
zeer hoog,zeer hoog,4.0,7.0,groot,laag,FALSE
zeer hoog,zeer hoog,4.0,7.0,groot,medium,FALSE
zeer hoog,zeer hoog,4.0,7.0,groot,hoog,FALSE
zeer hoog,zeer hoog,5.0,2.0,klein,laag,FALSE
zeer hoog,zeer hoog,5.0,2.0,klein,medium,FALSE
zeer hoog,zeer hoog,5.0,2.0,klein,hoog,FALSE
zeer hoog,zeer hoog,5.0,2.0,medium,laag,FALSE
zeer hoog,zeer hoog,5.0,2.0,medium,medium,FALSE
zeer hoog,zeer hoog,5.0,2.0,medium,hoog,FALSE
zeer hoog,zeer hoog,5.0,2.0,groot,laag,FALSE
zeer hoog,zeer hoog,5.0,2.0,groot,medium,FALSE
zeer hoog,zeer hoog,5.0,2.0,groot,hoog,FALSE
zeer hoog,zeer hoog,5.0,4.0,klein,laag,FALSE
zeer hoog,zeer hoog,5.0,4.0,klein,medium,FALSE
zeer hoog,zeer hoog,5.0,4.0,klein,hoog,FALSE
zeer hoog,zeer hoog,5.0,4.0,medium,laag,FALSE
zeer hoog,zeer hoog,5.0,4.0,medium,medium,FALSE
zeer hoog,zeer hoog,5.0,4.0,medium,hoog,FALSE
zeer hoog,zeer hoog,5.0,4.0,groot,laag,FALSE
zeer hoog,zeer hoog,5.0,4.0,groot,medium,FALSE
zeer hoog,zeer hoog,5.0,4.0,groot,hoog,FALSE
zeer hoog,zeer hoog,5.0,7.0,klein,laag,FALSE
zeer hoog,zeer hoog,5.0,7.0,klein,medium,FALSE
zeer hoog,zeer hoog,5.0,7.0,klein,hoog,FALSE
zeer hoog,zeer hoog,5.0,7.0,medium,laag,FALSE
zeer hoog,zeer hoog,5.0,7.0,medium,medium,FALSE
zeer hoog,zeer hoog,5.0,7.0,medium,hoog,FALSE
zeer hoog,zeer hoog,5.0,7.0,groot,laag,FALSE
zeer hoog,zeer hoog,5.0,7.0,groot,medium,FALSE
zeer hoog,zeer hoog,5.0,7.0,groot,hoog,FALSE
zeer hoog,hoog,2.0,2.0,klein,laag,FALSE
zeer hoog,hoog,2.0,2.0,klein,medium,FALSE
zeer hoog,hoog,2.0,2.0,klein,hoog,FALSE
zeer hoog,hoog,2.0,2.0,medium,laag,FALSE
zeer hoog,hoog,2.0,2.0,medium,medium,FALSE
zeer hoog,hoog,2.0,2.0,medium,hoog,FALSE
zeer hoog,hoog,2.0,2.0,groot,laag,FALSE
zeer hoog,hoog,2.0,2.0,groot,medium,FALSE
zeer hoog,hoog,2.0,2.0,groot,hoog,FALSE
zeer hoog,hoog,2.0,4.0,klein,laag,FALSE
zeer hoog,hoog,2.0,4.0,klein,medium,FALSE
zeer hoog,hoog,2.0,4.0,klein,hoog,FALSE
zeer hoog,hoog,2.0,4.0,medium,laag,FALSE
zeer hoog,hoog,2.0,4.0,medium,medium,FALSE
zeer hoog,hoog,2.0,4.0,medium,hoog,FALSE
zeer hoog,hoog,2.0,4.0,groot,laag,FALSE
zeer hoog,hoog,2.0,4.0,groot,medium,FALSE
zeer hoog,hoog,2.0,4.0,groot,hoog,FALSE
zeer hoog,hoog,2.0,7.0,klein,laag,FALSE
zeer hoog,hoog,2.0,7.0,klein,medium,FALSE
zeer hoog,hoog,2.0,7.0,klein,hoog,FALSE
zeer hoog,hoog,2.0,7.0,medium,laag,FALSE
zeer hoog,hoog,2.0,7.0,medium,medium,FALSE
zeer hoog,hoog,2.0,7.0,medium,hoog,FALSE
zeer hoog,hoog,2.0,7.0,groot,laag,FALSE
zeer hoog,hoog,2.0,7.0,groot,medium,FALSE
zeer hoog,hoog,2.0,7.0,groot,hoog,FALSE
zeer hoog,hoog,3.0,2.0,klein,laag,FALSE
zeer hoog,hoog,3.0,2.0,klein,medium,FALSE
zeer hoog,hoog,3.0,2.0,klein,hoog,FALSE
zeer hoog,hoog,3.0,2.0,medium,laag,FALSE
zeer hoog,hoog,3.0,2.0,medium,medium,FALSE
zeer hoog,hoog,3.0,2.0,medium,hoog,FALSE
zeer hoog,hoog,3.0,2.0,groot,laag,FALSE
zeer hoog,hoog,3.0,2.0,groot,medium,FALSE
zeer hoog,hoog,3.0,2.0,groot,hoog,FALSE
zeer hoog,hoog,3.0,4.0,klein,laag,FALSE
zeer hoog,hoog,3.0,4.0,klein,medium,FALSE
zeer hoog,hoog,3.0,4.0,klein,hoog,FALSE
zeer hoog,hoog,3.0,4.0,medium,laag,FALSE
zeer hoog,hoog,3.0,4.0,medium,medium,FALSE
zeer hoog,hoog,3.0,4.0,medium,hoog,FALSE
zeer hoog,hoog,3.0,4.0,groot,laag,FALSE
zeer hoog,hoog,3.0,4.0,groot,medium,FALSE
zeer hoog,hoog,3.0,4.0,groot,hoog,FALSE
zeer hoog,hoog,3.0,7.0,klein,laag,FALSE
zeer hoog,hoog,3.0,7.0,klein,medium,FALSE
zeer hoog,hoog,3.0,7.0,klein,hoog,FALSE
zeer hoog,hoog,3.0,7.0,medium,laag,FALSE
zeer hoog,hoog,3.0,7.0,medium,medium,FALSE
zeer hoog,hoog,3.0,7.0,medium,hoog,FALSE
zeer hoog,hoog,3.0,7.0,groot,laag,FALSE
zeer hoog,hoog,3.0,7.0,groot,medium,FALSE
zeer hoog,hoog,3.0,7.0,groot,hoog,FALSE
zeer hoog,hoog,4.0,2.0,klein,laag,FALSE
zeer hoog,hoog,4.0,2.0,klein,medium,FALSE
zeer hoog,hoog,4.0,2.0,klein,hoog,FALSE
zeer hoog,hoog,4.0,2.0,medium,laag,FALSE
zeer hoog,hoog,4.0,2.0,medium,medium,FALSE
zeer hoog,hoog,4.0,2.0,medium,hoog,FALSE
zeer hoog,hoog,4.0,2.0,groot,laag,FALSE
zeer hoog,hoog,4.0,2.0,groot,medium,FALSE
zeer hoog,hoog,4.0,2.0,groot,hoog,FALSE
zeer hoog,hoog,4.0,4.0,klein,laag,FALSE
zeer hoog,hoog,4.0,4.0,klein,medium,FALSE
zeer hoog,hoog,4.0,4.0,klein,hoog,FALSE
zeer hoog,hoog,4.0,4.0,medium,laag,FALSE
zeer hoog,hoog,4.0,4.0,medium,medium,FALSE
zeer hoog,hoog,4.0,4.0,medium,hoog,FALSE
zeer hoog,hoog,4.0,4.0,groot,laag,FALSE
zeer hoog,hoog,4.0,4.0,groot,medium,FALSE
zeer hoog,hoog,4.0,4.0,groot,hoog,FALSE
zeer hoog,hoog,4.0,7.0,klein,laag,FALSE
zeer hoog,hoog,4.0,7.0,klein,medium,FALSE
zeer hoog,hoog,4.0,7.0,klein,hoog,FALSE
zeer hoog,hoog,4.0,7.0,medium,laag,FALSE
zeer hoog,hoog,4.0,7.0,medium,medium,FALSE
zeer hoog,hoog,4.0,7.0,medium,hoog,FALSE
zeer hoog,hoog,4.0,7.0,groot,laag,FALSE
zeer hoog,hoog,4.0,7.0,groot,medium,FALSE
zeer hoog,hoog,4.0,7.0,groot,hoog,FALSE
zeer hoog,hoog,5.0,2.0,klein,laag,FALSE
zeer hoog,hoog,5.0,2.0,klein,medium,FALSE
zeer hoog,hoog,5.0,2.0,klein,hoog,FALSE
zeer hoog,hoog,5.0,2.0,medium,laag,FALSE
zeer hoog,hoog,5.0,2.0,medium,medium,FALSE
zeer hoog,hoog,5.0,2.0,medium,hoog,FALSE
zeer hoog,hoog,5.0,2.0,groot,laag,FALSE
zeer hoog,hoog,5.0,2.0,groot,medium,FALSE
zeer hoog,hoog,5.0,2.0,groot,hoog,FALSE
zeer hoog,hoog,5.0,4.0,klein,laag,FALSE
zeer hoog,hoog,5.0,4.0,klein,medium,FALSE
zeer hoog,hoog,5.0,4.0,klein,hoog,FALSE
zeer hoog,hoog,5.0,4.0,medium,laag,FALSE
zeer hoog,hoog,5.0,4.0,medium,medium,FALSE
zeer hoog,hoog,5.0,4.0,medium,hoog,FALSE
zeer hoog,hoog,5.0,4.0,groot,laag,FALSE
zeer hoog,hoog,5.0,4.0,groot,medium,FALSE
zeer hoog,hoog,5.0,4.0,groot,hoog,FALSE
zeer hoog,hoog,5.0,7.0,klein,laag,FALSE
zeer hoog,hoog,5.0,7.0,klein,medium,FALSE
zeer hoog,hoog,5.0,7.0,klein,hoog,FALSE
zeer hoog,hoog,5.0,7.0,medium,laag,FALSE
zeer hoog,hoog,5.0,7.0,medium,medium,FALSE
zeer hoog,hoog,5.0,7.0,medium,hoog,FALSE
zeer hoog,hoog,5.0,7.0,groot,laag,FALSE
zeer hoog,hoog,5.0,7.0,groot,medium,FALSE
zeer hoog,hoog,5.0,7.0,groot,hoog,FALSE
zeer hoog,medium,2.0,2.0,klein,laag,FALSE
zeer hoog,medium,2.0,2.0,klein,medium,FALSE
zeer hoog,medium,2.0,2.0,klein,hoog,FALSE
zeer hoog,medium,2.0,2.0,medium,laag,FALSE
zeer hoog,medium,2.0,2.0,medium,medium,FALSE
zeer hoog,medium,2.0,2.0,medium,hoog,FALSE
zeer hoog,medium,2.0,2.0,groot,laag,FALSE
zeer hoog,medium,2.0,2.0,groot,medium,FALSE
zeer hoog,medium,2.0,2.0,groot,hoog,FALSE
zeer hoog,medium,2.0,4.0,klein,laag,FALSE
zeer hoog,medium,2.0,4.0,klein,medium,FALSE
zeer hoog,medium,2.0,4.0,klein,hoog,FALSE
zeer hoog,medium,2.0,4.0,medium,laag,FALSE
zeer hoog,medium,2.0,4.0,medium,medium,FALSE
zeer hoog,medium,2.0,4.0,medium,hoog,FALSE
zeer hoog,medium,2.0,4.0,groot,laag,FALSE
zeer hoog,medium,2.0,4.0,groot,medium,FALSE
zeer hoog,medium,2.0,4.0,groot,hoog,FALSE
zeer hoog,medium,2.0,7.0,klein,laag,FALSE
zeer hoog,medium,2.0,7.0,klein,medium,FALSE
zeer hoog,medium,2.0,7.0,klein,hoog,FALSE
zeer hoog,medium,2.0,7.0,medium,laag,FALSE
zeer hoog,medium,2.0,7.0,medium,medium,FALSE
zeer hoog,medium,2.0,7.0,medium,hoog,FALSE
zeer hoog,medium,2.0,7.0,groot,laag,FALSE
zeer hoog,medium,2.0,7.0,groot,medium,FALSE
zeer hoog,medium,2.0,7.0,groot,hoog,FALSE
zeer hoog,medium,3.0,2.0,klein,laag,FALSE
zeer hoog,medium,3.0,2.0,klein,medium,FALSE
zeer hoog,medium,3.0,2.0,klein,hoog,FALSE
zeer hoog,medium,3.0,2.0,medium,laag,FALSE
zeer hoog,medium,3.0,2.0,medium,medium,FALSE
zeer hoog,medium,3.0,2.0,medium,hoog,FALSE
zeer hoog,medium,3.0,2.0,groot,laag,FALSE
zeer hoog,medium,3.0,2.0,groot,medium,FALSE
zeer hoog,medium,3.0,2.0,groot,hoog,FALSE
zeer hoog,medium,3.0,4.0,klein,laag,FALSE
zeer hoog,medium,3.0,4.0,klein,medium,FALSE
zeer hoog,medium,3.0,4.0,klein,hoog,FALSE
zeer hoog,medium,3.0,4.0,medium,laag,FALSE
zeer hoog,medium,3.0,4.0,medium,medium,FALSE
zeer hoog,medium,3.0,4.0,medium,hoog,FALSE
zeer hoog,medium,3.0,4.0,groot,laag,FALSE
zeer hoog,medium,3.0,4.0,groot,medium,FALSE
zeer hoog,medium,3.0,4.0,groot,hoog,FALSE
zeer hoog,medium,3.0,7.0,klein,laag,FALSE
zeer hoog,medium,3.0,7.0,klein,medium,FALSE
zeer hoog,medium,3.0,7.0,klein,hoog,FALSE
zeer hoog,medium,3.0,7.0,medium,laag,FALSE
zeer hoog,medium,3.0,7.0,medium,medium,FALSE
zeer hoog,medium,3.0,7.0,medium,hoog,FALSE
zeer hoog,medium,3.0,7.0,groot,laag,FALSE
zeer hoog,medium,3.0,7.0,groot,medium,FALSE
zeer hoog,medium,3.0,7.0,groot,hoog,FALSE
zeer hoog,medium,4.0,2.0,klein,laag,FALSE
zeer hoog,medium,4.0,2.0,klein,medium,FALSE
zeer hoog,medium,4.0,2.0,klein,hoog,FALSE
zeer hoog,medium,4.0,2.0,medium,laag,FALSE
zeer hoog,medium,4.0,2.0,medium,medium,FALSE
zeer hoog,medium,4.0,2.0,medium,hoog,FALSE
zeer hoog,medium,4.0,2.0,groot,laag,FALSE
zeer hoog,medium,4.0,2.0,groot,medium,FALSE
zeer hoog,medium,4.0,2.0,groot,hoog,FALSE
zeer hoog,medium,4.0,4.0,klein,laag,FALSE
zeer hoog,medium,4.0,4.0,klein,medium,FALSE
zeer hoog,medium,4.0,4.0,klein,hoog,FALSE
zeer hoog,medium,4.0,4.0,medium,laag,FALSE
zeer hoog,medium,4.0,4.0,medium,medium,FALSE
zeer hoog,medium,4.0,4.0,medium,hoog,FALSE
zeer hoog,medium,4.0,4.0,groot,laag,FALSE
zeer hoog,medium,4.0,4.0,groot,medium,FALSE
zeer hoog,medium,4.0,4.0,groot,hoog,FALSE
zeer hoog,medium,4.0,7.0,klein,laag,FALSE
zeer hoog,medium,4.0,7.0,klein,medium,FALSE
zeer hoog,medium,4.0,7.0,klein,hoog,FALSE
zeer hoog,medium,4.0,7.0,medium,laag,FALSE
zeer hoog,medium,4.0,7.0,medium,medium,FALSE
zeer hoog,medium,4.0,7.0,medium,hoog,FALSE
zeer hoog,medium,4.0,7.0,groot,laag,FALSE
zeer hoog,medium,4.0,7.0,groot,medium,FALSE
zeer hoog,medium,4.0,7.0,groot,hoog,FALSE
zeer hoog,medium,5.0,2.0,klein,laag,FALSE
zeer hoog,medium,5.0,2.0,klein,medium,FALSE
zeer hoog,medium,5.0,2.0,klein,hoog,FALSE
zeer hoog,medium,5.0,2.0,medium,laag,FALSE
zeer hoog,medium,5.0,2.0,medium,medium,FALSE
zeer hoog,medium,5.0,2.0,medium,hoog,FALSE
zeer hoog,medium,5.0,2.0,groot,laag,FALSE
zeer hoog,medium,5.0,2.0,groot,medium,FALSE
zeer hoog,medium,5.0,2.0,groot,hoog,FALSE
zeer hoog,medium,5.0,4.0,klein,laag,FALSE
zeer hoog,medium,5.0,4.0,klein,medium,FALSE
zeer hoog,medium,5.0,4.0,klein,hoog,FALSE
zeer hoog,medium,5.0,4.0,medium,laag,FALSE
zeer hoog,medium,5.0,4.0,medium,medium,FALSE
zeer hoog,medium,5.0,4.0,medium,hoog,FALSE
zeer hoog,medium,5.0,4.0,groot,laag,FALSE
zeer hoog,medium,5.0,4.0,groot,medium,FALSE
zeer hoog,medium,5.0,4.0,groot,hoog,FALSE
zeer hoog,medium,5.0,7.0,klein,laag,FALSE
zeer hoog,medium,5.0,7.0,klein,medium,FALSE
zeer hoog,medium,5.0,7.0,klein,hoog,FALSE
zeer hoog,medium,5.0,7.0,medium,laag,FALSE
zeer hoog,medium,5.0,7.0,medium,medium,FALSE
zeer hoog,medium,5.0,7.0,medium,hoog,FALSE
zeer hoog,medium,5.0,7.0,groot,laag,FALSE
zeer hoog,medium,5.0,7.0,groot,medium,FALSE
zeer hoog,medium,5.0,7.0,groot,hoog,FALSE
zeer hoog,laag,2.0,2.0,klein,laag,FALSE
zeer hoog,laag,2.0,2.0,klein,medium,FALSE
zeer hoog,laag,2.0,2.0,klein,hoog,FALSE
zeer hoog,laag,2.0,2.0,medium,laag,FALSE
zeer hoog,laag,2.0,2.0,medium,medium,FALSE
zeer hoog,laag,2.0,2.0,medium,hoog,FALSE
zeer hoog,laag,2.0,2.0,groot,laag,FALSE
zeer hoog,laag,2.0,2.0,groot,medium,FALSE
zeer hoog,laag,2.0,2.0,groot,hoog,FALSE
zeer hoog,laag,2.0,4.0,klein,laag,FALSE
zeer hoog,laag,2.0,4.0,klein,medium,FALSE
zeer hoog,laag,2.0,4.0,klein,hoog,FALSE
zeer hoog,laag,2.0,4.0,medium,laag,FALSE
zeer hoog,laag,2.0,4.0,medium,medium,FALSE
zeer hoog,laag,2.0,4.0,medium,hoog,FALSE
zeer hoog,laag,2.0,4.0,groot,laag,FALSE
zeer hoog,laag,2.0,4.0,groot,medium,FALSE
zeer hoog,laag,2.0,4.0,groot,hoog,FALSE
zeer hoog,laag,2.0,7.0,klein,laag,FALSE
zeer hoog,laag,2.0,7.0,klein,medium,FALSE
zeer hoog,laag,2.0,7.0,klein,hoog,FALSE
zeer hoog,laag,2.0,7.0,medium,laag,FALSE
zeer hoog,laag,2.0,7.0,medium,medium,FALSE
zeer hoog,laag,2.0,7.0,medium,hoog,FALSE
zeer hoog,laag,2.0,7.0,groot,laag,FALSE
zeer hoog,laag,2.0,7.0,groot,medium,FALSE
zeer hoog,laag,2.0,7.0,groot,hoog,FALSE
zeer hoog,laag,3.0,2.0,klein,laag,FALSE
zeer hoog,laag,3.0,2.0,klein,medium,FALSE
zeer hoog,laag,3.0,2.0,klein,hoog,FALSE
zeer hoog,laag,3.0,2.0,medium,laag,FALSE
zeer hoog,laag,3.0,2.0,medium,medium,FALSE
zeer hoog,laag,3.0,2.0,medium,hoog,FALSE
zeer hoog,laag,3.0,2.0,groot,laag,FALSE
zeer hoog,laag,3.0,2.0,groot,medium,FALSE
zeer hoog,laag,3.0,2.0,groot,hoog,FALSE
zeer hoog,laag,3.0,4.0,klein,laag,FALSE
zeer hoog,laag,3.0,4.0,klein,medium,FALSE
zeer hoog,laag,3.0,4.0,klein,hoog,FALSE
zeer hoog,laag,3.0,4.0,medium,laag,FALSE
zeer hoog,laag,3.0,4.0,medium,medium,FALSE
zeer hoog,laag,3.0,4.0,medium,hoog,FALSE
zeer hoog,laag,3.0,4.0,groot,laag,FALSE
zeer hoog,laag,3.0,4.0,groot,medium,FALSE
zeer hoog,laag,3.0,4.0,groot,hoog,FALSE
zeer hoog,laag,3.0,7.0,klein,laag,FALSE
zeer hoog,laag,3.0,7.0,klein,medium,FALSE
zeer hoog,laag,3.0,7.0,klein,hoog,FALSE
zeer hoog,laag,3.0,7.0,medium,laag,FALSE
zeer hoog,laag,3.0,7.0,medium,medium,FALSE
zeer hoog,laag,3.0,7.0,medium,hoog,FALSE
zeer hoog,laag,3.0,7.0,groot,laag,FALSE
zeer hoog,laag,3.0,7.0,groot,medium,FALSE
zeer hoog,laag,3.0,7.0,groot,hoog,FALSE
zeer hoog,laag,4.0,2.0,klein,laag,FALSE
zeer hoog,laag,4.0,2.0,klein,medium,FALSE
zeer hoog,laag,4.0,2.0,klein,hoog,FALSE
zeer hoog,laag,4.0,2.0,medium,laag,FALSE
zeer hoog,laag,4.0,2.0,medium,medium,FALSE
zeer hoog,laag,4.0,2.0,medium,hoog,FALSE
zeer hoog,laag,4.0,2.0,groot,laag,FALSE
zeer hoog,laag,4.0,2.0,groot,medium,FALSE
zeer hoog,laag,4.0,2.0,groot,hoog,FALSE
zeer hoog,laag,4.0,4.0,klein,laag,FALSE
zeer hoog,laag,4.0,4.0,klein,medium,FALSE
zeer hoog,laag,4.0,4.0,klein,hoog,FALSE
zeer hoog,laag,4.0,4.0,medium,laag,FALSE
zeer hoog,laag,4.0,4.0,medium,medium,FALSE
zeer hoog,laag,4.0,4.0,medium,hoog,FALSE
zeer hoog,laag,4.0,4.0,groot,laag,FALSE
zeer hoog,laag,4.0,4.0,groot,medium,FALSE
zeer hoog,laag,4.0,4.0,groot,hoog,FALSE
zeer hoog,laag,4.0,7.0,klein,laag,FALSE
zeer hoog,laag,4.0,7.0,klein,medium,FALSE
zeer hoog,laag,4.0,7.0,klein,hoog,FALSE
zeer hoog,laag,4.0,7.0,medium,laag,FALSE
zeer hoog,laag,4.0,7.0,medium,medium,FALSE
zeer hoog,laag,4.0,7.0,medium,hoog,FALSE
zeer hoog,laag,4.0,7.0,groot,laag,FALSE
zeer hoog,laag,4.0,7.0,groot,medium,FALSE
zeer hoog,laag,4.0,7.0,groot,hoog,FALSE
zeer hoog,laag,5.0,2.0,klein,laag,FALSE
zeer hoog,laag,5.0,2.0,klein,medium,FALSE
zeer hoog,laag,5.0,2.0,klein,hoog,FALSE
zeer hoog,laag,5.0,2.0,medium,laag,FALSE
zeer hoog,laag,5.0,2.0,medium,medium,FALSE
zeer hoog,laag,5.0,2.0,medium,hoog,FALSE
zeer hoog,laag,5.0,2.0,groot,laag,FALSE
zeer hoog,laag,5.0,2.0,groot,medium,FALSE
zeer hoog,laag,5.0,2.0,groot,hoog,FALSE
zeer hoog,laag,5.0,4.0,klein,laag,FALSE
zeer hoog,laag,5.0,4.0,klein,medium,FALSE
zeer hoog,laag,5.0,4.0,klein,hoog,FALSE
zeer hoog,laag,5.0,4.0,medium,laag,FALSE
zeer hoog,laag,5.0,4.0,medium,medium,FALSE
zeer hoog,laag,5.0,4.0,medium,hoog,FALSE
zeer hoog,laag,5.0,4.0,groot,laag,FALSE
zeer hoog,laag,5.0,4.0,groot,medium,FALSE
zeer hoog,laag,5.0,4.0,groot,hoog,FALSE
zeer hoog,laag,5.0,7.0,klein,laag,FALSE
zeer hoog,laag,5.0,7.0,klein,medium,FALSE
zeer hoog,laag,5.0,7.0,klein,hoog,FALSE
zeer hoog,laag,5.0,7.0,medium,laag,FALSE
zeer hoog,laag,5.0,7.0,medium,medium,FALSE
zeer hoog,laag,5.0,7.0,medium,hoog,FALSE
zeer hoog,laag,5.0,7.0,groot,laag,FALSE
zeer hoog,laag,5.0,7.0,groot,medium,FALSE
zeer hoog,laag,5.0,7.0,groot,hoog,FALSE
hoog,zeer hoog,2.0,2.0,klein,laag,FALSE
hoog,zeer hoog,2.0,2.0,klein,medium,FALSE
hoog,zeer hoog,2.0,2.0,klein,hoog,FALSE
hoog,zeer hoog,2.0,2.0,medium,laag,FALSE
hoog,zeer hoog,2.0,2.0,medium,medium,FALSE
hoog,zeer hoog,2.0,2.0,medium,hoog,FALSE
hoog,zeer hoog,2.0,2.0,groot,laag,FALSE
hoog,zeer hoog,2.0,2.0,groot,medium,FALSE
hoog,zeer hoog,2.0,2.0,groot,hoog,FALSE
hoog,zeer hoog,2.0,4.0,klein,laag,FALSE
hoog,zeer hoog,2.0,4.0,klein,medium,FALSE
hoog,zeer hoog,2.0,4.0,klein,hoog,FALSE
hoog,zeer hoog,2.0,4.0,medium,laag,FALSE
hoog,zeer hoog,2.0,4.0,medium,medium,FALSE
hoog,zeer hoog,2.0,4.0,medium,hoog,FALSE
hoog,zeer hoog,2.0,4.0,groot,laag,FALSE
hoog,zeer hoog,2.0,4.0,groot,medium,FALSE
hoog,zeer hoog,2.0,4.0,groot,hoog,FALSE
hoog,zeer hoog,2.0,7.0,klein,laag,FALSE
hoog,zeer hoog,2.0,7.0,klein,medium,FALSE
hoog,zeer hoog,2.0,7.0,klein,hoog,FALSE
hoog,zeer hoog,2.0,7.0,medium,laag,FALSE
hoog,zeer hoog,2.0,7.0,medium,medium,FALSE
hoog,zeer hoog,2.0,7.0,medium,hoog,FALSE
hoog,zeer hoog,2.0,7.0,groot,laag,FALSE
hoog,zeer hoog,2.0,7.0,groot,medium,FALSE
hoog,zeer hoog,2.0,7.0,groot,hoog,FALSE
hoog,zeer hoog,3.0,2.0,klein,laag,FALSE
hoog,zeer hoog,3.0,2.0,klein,medium,FALSE
hoog,zeer hoog,3.0,2.0,klein,hoog,FALSE
hoog,zeer hoog,3.0,2.0,medium,laag,FALSE
hoog,zeer hoog,3.0,2.0,medium,medium,FALSE
hoog,zeer hoog,3.0,2.0,medium,hoog,FALSE
hoog,zeer hoog,3.0,2.0,groot,laag,FALSE
hoog,zeer hoog,3.0,2.0,groot,medium,FALSE
hoog,zeer hoog,3.0,2.0,groot,hoog,FALSE
hoog,zeer hoog,3.0,4.0,klein,laag,FALSE
hoog,zeer hoog,3.0,4.0,klein,medium,FALSE
hoog,zeer hoog,3.0,4.0,klein,hoog,FALSE
hoog,zeer hoog,3.0,4.0,medium,laag,FALSE
hoog,zeer hoog,3.0,4.0,medium,medium,FALSE
hoog,zeer hoog,3.0,4.0,medium,hoog,FALSE
hoog,zeer hoog,3.0,4.0,groot,laag,FALSE
hoog,zeer hoog,3.0,4.0,groot,medium,FALSE
hoog,zeer hoog,3.0,4.0,groot,hoog,FALSE
hoog,zeer hoog,3.0,7.0,klein,laag,FALSE
hoog,zeer hoog,3.0,7.0,klein,medium,FALSE
hoog,zeer hoog,3.0,7.0,klein,hoog,FALSE
hoog,zeer hoog,3.0,7.0,medium,laag,FALSE
hoog,zeer hoog,3.0,7.0,medium,medium,FALSE
hoog,zeer hoog,3.0,7.0,medium,hoog,FALSE
hoog,zeer hoog,3.0,7.0,groot,laag,FALSE
hoog,zeer hoog,3.0,7.0,groot,medium,FALSE
hoog,zeer hoog,3.0,7.0,groot,hoog,FALSE
hoog,zeer hoog,4.0,2.0,klein,laag,FALSE
hoog,zeer hoog,4.0,2.0,klein,medium,FALSE
hoog,zeer hoog,4.0,2.0,klein,hoog,FALSE
hoog,zeer hoog,4.0,2.0,medium,laag,FALSE
hoog,zeer hoog,4.0,2.0,medium,medium,FALSE
hoog,zeer hoog,4.0,2.0,medium,hoog,FALSE
hoog,zeer hoog,4.0,2.0,groot,laag,FALSE
hoog,zeer hoog,4.0,2.0,groot,medium,FALSE
hoog,zeer hoog,4.0,2.0,groot,hoog,FALSE
hoog,zeer hoog,4.0,4.0,klein,laag,FALSE
hoog,zeer hoog,4.0,4.0,klein,medium,FALSE
hoog,zeer hoog,4.0,4.0,klein,hoog,FALSE
hoog,zeer hoog,4.0,4.0,medium,laag,FALSE
hoog,zeer hoog,4.0,4.0,medium,medium,FALSE
hoog,zeer hoog,4.0,4.0,medium,hoog,FALSE
hoog,zeer hoog,4.0,4.0,groot,laag,FALSE
hoog,zeer hoog,4.0,4.0,groot,medium,FALSE
hoog,zeer hoog,4.0,4.0,groot,hoog,FALSE
hoog,zeer hoog,4.0,7.0,klein,laag,FALSE
hoog,zeer hoog,4.0,7.0,klein,medium,FALSE
hoog,zeer hoog,4.0,7.0,klein,hoog,FALSE
hoog,zeer hoog,4.0,7.0,medium,laag,FALSE
hoog,zeer hoog,4.0,7.0,medium,medium,FALSE
hoog,zeer hoog,4.0,7.0,medium,hoog,FALSE
hoog,zeer hoog,4.0,7.0,groot,laag,FALSE
hoog,zeer hoog,4.0,7.0,groot,medium,FALSE
hoog,zeer hoog,4.0,7.0,groot,hoog,FALSE
hoog,zeer hoog,5.0,2.0,klein,laag,FALSE
hoog,zeer hoog,5.0,2.0,klein,medium,FALSE
hoog,zeer hoog,5.0,2.0,klein,hoog,FALSE
hoog,zeer hoog,5.0,2.0,medium,laag,FALSE
hoog,zeer hoog,5.0,2.0,medium,medium,FALSE
hoog,zeer hoog,5.0,2.0,medium,hoog,FALSE
hoog,zeer hoog,5.0,2.0,groot,laag,FALSE
hoog,zeer hoog,5.0,2.0,groot,medium,FALSE
hoog,zeer hoog,5.0,2.0,groot,hoog,FALSE
hoog,zeer hoog,5.0,4.0,klein,laag,FALSE
hoog,zeer hoog,5.0,4.0,klein,medium,FALSE
hoog,zeer hoog,5.0,4.0,klein,hoog,FALSE
hoog,zeer hoog,5.0,4.0,medium,laag,FALSE
hoog,zeer hoog,5.0,4.0,medium,medium,FALSE
hoog,zeer hoog,5.0,4.0,medium,hoog,FALSE
hoog,zeer hoog,5.0,4.0,groot,laag,FALSE
hoog,zeer hoog,5.0,4.0,groot,medium,FALSE
hoog,zeer hoog,5.0,4.0,groot,hoog,FALSE
hoog,zeer hoog,5.0,7.0,klein,laag,FALSE
hoog,zeer hoog,5.0,7.0,klein,medium,FALSE
hoog,zeer hoog,5.0,7.0,klein,hoog,FALSE
hoog,zeer hoog,5.0,7.0,medium,laag,FALSE
hoog,zeer hoog,5.0,7.0,medium,medium,FALSE
hoog,zeer hoog,5.0,7.0,medium,hoog,FALSE
hoog,zeer hoog,5.0,7.0,groot,laag,FALSE
hoog,zeer hoog,5.0,7.0,groot,medium,FALSE
hoog,zeer hoog,5.0,7.0,groot,hoog,FALSE
hoog,hoog,2.0,2.0,klein,laag,FALSE
hoog,hoog,2.0,2.0,klein,medium,FALSE
hoog,hoog,2.0,2.0,klein,hoog,FALSE
hoog,hoog,2.0,2.0,medium,laag,FALSE
hoog,hoog,2.0,2.0,medium,medium,FALSE
hoog,hoog,2.0,2.0,medium,hoog,FALSE
hoog,hoog,2.0,2.0,groot,laag,FALSE
hoog,hoog,2.0,2.0,groot,medium,FALSE
hoog,hoog,2.0,2.0,groot,hoog,FALSE
hoog,hoog,2.0,4.0,klein,laag,FALSE
hoog,hoog,2.0,4.0,klein,medium,FALSE
hoog,hoog,2.0,4.0,klein,hoog,FALSE
hoog,hoog,2.0,4.0,medium,laag,FALSE
hoog,hoog,2.0,4.0,medium,medium,FALSE
hoog,hoog,2.0,4.0,medium,hoog,FALSE
hoog,hoog,2.0,4.0,groot,laag,FALSE
hoog,hoog,2.0,4.0,groot,medium,FALSE
hoog,hoog,2.0,4.0,groot,hoog,FALSE
hoog,hoog,2.0,7.0,klein,laag,FALSE
hoog,hoog,2.0,7.0,klein,medium,FALSE
hoog,hoog,2.0,7.0,klein,hoog,FALSE
hoog,hoog,2.0,7.0,medium,laag,FALSE
hoog,hoog,2.0,7.0,medium,medium,FALSE
hoog,hoog,2.0,7.0,medium,hoog,FALSE
hoog,hoog,2.0,7.0,groot,laag,FALSE
hoog,hoog,2.0,7.0,groot,medium,FALSE
hoog,hoog,2.0,7.0,groot,hoog,FALSE
hoog,hoog,3.0,2.0,klein,laag,FALSE
hoog,hoog,3.0,2.0,klein,medium,FALSE
hoog,hoog,3.0,2.0,klein,hoog,FALSE
hoog,hoog,3.0,2.0,medium,laag,FALSE
hoog,hoog,3.0,2.0,medium,medium,FALSE
hoog,hoog,3.0,2.0,medium,hoog,FALSE
hoog,hoog,3.0,2.0,groot,laag,FALSE
hoog,hoog,3.0,2.0,groot,medium,FALSE
hoog,hoog,3.0,2.0,groot,hoog,FALSE
hoog,hoog,3.0,4.0,klein,laag,FALSE
hoog,hoog,3.0,4.0,klein,medium,FALSE
hoog,hoog,3.0,4.0,klein,hoog,FALSE
hoog,hoog,3.0,4.0,medium,laag,FALSE
hoog,hoog,3.0,4.0,medium,medium,FALSE
hoog,hoog,3.0,4.0,medium,hoog,FALSE
hoog,hoog,3.0,4.0,groot,laag,FALSE
hoog,hoog,3.0,4.0,groot,medium,FALSE
hoog,hoog,3.0,4.0,groot,hoog,FALSE
hoog,hoog,3.0,7.0,klein,laag,FALSE
hoog,hoog,3.0,7.0,klein,medium,FALSE
hoog,hoog,3.0,7.0,klein,hoog,FALSE
hoog,hoog,3.0,7.0,medium,laag,FALSE
hoog,hoog,3.0,7.0,medium,medium,FALSE
hoog,hoog,3.0,7.0,medium,hoog,FALSE
hoog,hoog,3.0,7.0,groot,laag,FALSE
hoog,hoog,3.0,7.0,groot,medium,FALSE
hoog,hoog,3.0,7.0,groot,hoog,FALSE
hoog,hoog,4.0,2.0,klein,laag,FALSE
hoog,hoog,4.0,2.0,klein,medium,FALSE
hoog,hoog,4.0,2.0,klein,hoog,FALSE
hoog,hoog,4.0,2.0,medium,laag,FALSE
hoog,hoog,4.0,2.0,medium,medium,FALSE
hoog,hoog,4.0,2.0,medium,hoog,FALSE
hoog,hoog,4.0,2.0,groot,laag,FALSE
hoog,hoog,4.0,2.0,groot,medium,FALSE
hoog,hoog,4.0,2.0,groot,hoog,FALSE
hoog,hoog,4.0,4.0,klein,laag,FALSE
hoog,hoog,4.0,4.0,klein,medium,FALSE
hoog,hoog,4.0,4.0,klein,hoog,FALSE
hoog,hoog,4.0,4.0,medium,laag,FALSE
hoog,hoog,4.0,4.0,medium,medium,FALSE
hoog,hoog,4.0,4.0,medium,hoog,FALSE
hoog,hoog,4.0,4.0,groot,laag,FALSE
hoog,hoog,4.0,4.0,groot,medium,FALSE
hoog,hoog,4.0,4.0,groot,hoog,FALSE
hoog,hoog,4.0,7.0,klein,laag,FALSE
hoog,hoog,4.0,7.0,klein,medium,FALSE
hoog,hoog,4.0,7.0,klein,hoog,FALSE
hoog,hoog,4.0,7.0,medium,laag,FALSE
hoog,hoog,4.0,7.0,medium,medium,FALSE
hoog,hoog,4.0,7.0,medium,hoog,FALSE
hoog,hoog,4.0,7.0,groot,laag,FALSE
hoog,hoog,4.0,7.0,groot,medium,FALSE
hoog,hoog,4.0,7.0,groot,hoog,FALSE
hoog,hoog,5.0,2.0,klein,laag,FALSE
hoog,hoog,5.0,2.0,klein,medium,FALSE
hoog,hoog,5.0,2.0,klein,hoog,FALSE
hoog,hoog,5.0,2.0,medium,laag,FALSE
hoog,hoog,5.0,2.0,medium,medium,FALSE
hoog,hoog,5.0,2.0,medium,hoog,FALSE
hoog,hoog,5.0,2.0,groot,laag,FALSE
hoog,hoog,5.0,2.0,groot,medium,FALSE
hoog,hoog,5.0,2.0,groot,hoog,FALSE
hoog,hoog,5.0,4.0,klein,laag,FALSE
hoog,hoog,5.0,4.0,klein,medium,FALSE
hoog,hoog,5.0,4.0,klein,hoog,FALSE
hoog,hoog,5.0,4.0,medium,laag,FALSE
hoog,hoog,5.0,4.0,medium,medium,FALSE
hoog,hoog,5.0,4.0,medium,hoog,FALSE
hoog,hoog,5.0,4.0,groot,laag,FALSE
hoog,hoog,5.0,4.0,groot,medium,FALSE
hoog,hoog,5.0,4.0,groot,hoog,FALSE
hoog,hoog,5.0,7.0,klein,laag,FALSE
hoog,hoog,5.0,7.0,klein,medium,FALSE
hoog,hoog,5.0,7.0,klein,hoog,FALSE
hoog,hoog,5.0,7.0,medium,laag,FALSE
hoog,hoog,5.0,7.0,medium,medium,FALSE
hoog,hoog,5.0,7.0,medium,hoog,FALSE
hoog,hoog,5.0,7.0,groot,laag,FALSE
hoog,hoog,5.0,7.0,groot,medium,FALSE
hoog,hoog,5.0,7.0,groot,hoog,FALSE
hoog,medium,2.0,2.0,klein,laag,FALSE
hoog,medium,2.0,2.0,klein,medium,FALSE
hoog,medium,2.0,2.0,klein,hoog,FALSE
hoog,medium,2.0,2.0,medium,laag,FALSE
hoog,medium,2.0,2.0,medium,medium,FALSE
hoog,medium,2.0,2.0,medium,hoog,FALSE
hoog,medium,2.0,2.0,groot,laag,FALSE
hoog,medium,2.0,2.0,groot,medium,FALSE
hoog,medium,2.0,2.0,groot,hoog,FALSE
hoog,medium,2.0,4.0,klein,laag,FALSE
hoog,medium,2.0,4.0,klein,medium,FALSE
hoog,medium,2.0,4.0,klein,hoog,FALSE
hoog,medium,2.0,4.0,medium,laag,FALSE
hoog,medium,2.0,4.0,medium,medium,FALSE
hoog,medium,2.0,4.0,medium,hoog,FALSE
hoog,medium,2.0,4.0,groot,laag,FALSE
hoog,medium,2.0,4.0,groot,medium,FALSE
hoog,medium,2.0,4.0,groot,hoog,FALSE
hoog,medium,2.0,7.0,klein,laag,FALSE
hoog,medium,2.0,7.0,klein,medium,FALSE
hoog,medium,2.0,7.0,klein,hoog,FALSE
hoog,medium,2.0,7.0,medium,laag,FALSE
hoog,medium,2.0,7.0,medium,medium,FALSE
hoog,medium,2.0,7.0,medium,hoog,FALSE
hoog,medium,2.0,7.0,groot,laag,FALSE
hoog,medium,2.0,7.0,groot,medium,FALSE
hoog,medium,2.0,7.0,groot,hoog,FALSE
hoog,medium,3.0,2.0,klein,laag,FALSE
hoog,medium,3.0,2.0,klein,medium,FALSE
hoog,medium,3.0,2.0,klein,hoog,FALSE
hoog,medium,3.0,2.0,medium,laag,FALSE
hoog,medium,3.0,2.0,medium,medium,FALSE
hoog,medium,3.0,2.0,medium,hoog,FALSE
hoog,medium,3.0,2.0,groot,laag,FALSE
hoog,medium,3.0,2.0,groot,medium,FALSE
hoog,medium,3.0,2.0,groot,hoog,FALSE
hoog,medium,3.0,4.0,klein,laag,FALSE
hoog,medium,3.0,4.0,klein,medium,FALSE
hoog,medium,3.0,4.0,klein,hoog,FALSE
hoog,medium,3.0,4.0,medium,laag,FALSE
hoog,medium,3.0,4.0,medium,medium,FALSE
hoog,medium,3.0,4.0,medium,hoog,FALSE
hoog,medium,3.0,4.0,groot,laag,FALSE
hoog,medium,3.0,4.0,groot,medium,FALSE
hoog,medium,3.0,4.0,groot,hoog,FALSE
hoog,medium,3.0,7.0,klein,laag,FALSE
hoog,medium,3.0,7.0,klein,medium,FALSE
hoog,medium,3.0,7.0,klein,hoog,FALSE
hoog,medium,3.0,7.0,medium,laag,FALSE
hoog,medium,3.0,7.0,medium,medium,FALSE
hoog,medium,3.0,7.0,medium,hoog,FALSE
hoog,medium,3.0,7.0,groot,laag,FALSE
hoog,medium,3.0,7.0,groot,medium,FALSE
hoog,medium,3.0,7.0,groot,hoog,FALSE
hoog,medium,4.0,2.0,klein,laag,FALSE
hoog,medium,4.0,2.0,klein,medium,FALSE
hoog,medium,4.0,2.0,klein,hoog,FALSE
hoog,medium,4.0,2.0,medium,laag,FALSE
hoog,medium,4.0,2.0,medium,medium,FALSE
hoog,medium,4.0,2.0,medium,hoog,FALSE
hoog,medium,4.0,2.0,groot,laag,FALSE
hoog,medium,4.0,2.0,groot,medium,FALSE
hoog,medium,4.0,2.0,groot,hoog,FALSE
hoog,medium,4.0,4.0,klein,laag,FALSE
hoog,medium,4.0,4.0,klein,medium,FALSE
hoog,medium,4.0,4.0,klein,hoog,FALSE
hoog,medium,4.0,4.0,medium,laag,FALSE
hoog,medium,4.0,4.0,medium,medium,FALSE
hoog,medium,4.0,4.0,medium,hoog,FALSE
hoog,medium,4.0,4.0,groot,laag,FALSE
hoog,medium,4.0,4.0,groot,medium,FALSE
hoog,medium,4.0,4.0,groot,hoog,FALSE
hoog,medium,4.0,7.0,klein,laag,FALSE
hoog,medium,4.0,7.0,klein,medium,FALSE
hoog,medium,4.0,7.0,klein,hoog,FALSE
hoog,medium,4.0,7.0,medium,laag,FALSE
hoog,medium,4.0,7.0,medium,medium,FALSE
hoog,medium,4.0,7.0,medium,hoog,FALSE
hoog,medium,4.0,7.0,groot,laag,FALSE
hoog,medium,4.0,7.0,groot,medium,FALSE
hoog,medium,4.0,7.0,groot,hoog,FALSE
hoog,medium,5.0,2.0,klein,laag,FALSE
hoog,medium,5.0,2.0,klein,medium,FALSE
hoog,medium,5.0,2.0,klein,hoog,FALSE
hoog,medium,5.0,2.0,medium,laag,FALSE
hoog,medium,5.0,2.0,medium,medium,FALSE
hoog,medium,5.0,2.0,medium,hoog,FALSE
hoog,medium,5.0,2.0,groot,laag,FALSE
hoog,medium,5.0,2.0,groot,medium,FALSE
hoog,medium,5.0,2.0,groot,hoog,FALSE
hoog,medium,5.0,4.0,klein,laag,FALSE
hoog,medium,5.0,4.0,klein,medium,FALSE
hoog,medium,5.0,4.0,klein,hoog,FALSE
hoog,medium,5.0,4.0,medium,laag,FALSE
hoog,medium,5.0,4.0,medium,medium,FALSE
hoog,medium,5.0,4.0,medium,hoog,FALSE
hoog,medium,5.0,4.0,groot,laag,FALSE
hoog,medium,5.0,4.0,groot,medium,FALSE
hoog,medium,5.0,4.0,groot,hoog,FALSE
hoog,medium,5.0,7.0,klein,laag,FALSE
hoog,medium,5.0,7.0,klein,medium,FALSE
hoog,medium,5.0,7.0,klein,hoog,FALSE
hoog,medium,5.0,7.0,medium,laag,FALSE
hoog,medium,5.0,7.0,medium,medium,FALSE
hoog,medium,5.0,7.0,medium,hoog,FALSE
hoog,medium,5.0,7.0,groot,laag,FALSE
hoog,medium,5.0,7.0,groot,medium,FALSE
hoog,medium,5.0,7.0,groot,hoog,FALSE
hoog,laag,2.0,2.0,klein,laag,FALSE
hoog,laag,2.0,2.0,klein,medium,FALSE
hoog,laag,2.0,2.0,klein,hoog,FALSE
hoog,laag,2.0,2.0,medium,laag,FALSE
hoog,laag,2.0,2.0,medium,medium,FALSE
hoog,laag,2.0,2.0,medium,hoog,FALSE
hoog,laag,2.0,2.0,groot,laag,FALSE
hoog,laag,2.0,2.0,groot,medium,FALSE
hoog,laag,2.0,2.0,groot,hoog,FALSE
hoog,laag,2.0,4.0,klein,laag,FALSE
hoog,laag,2.0,4.0,klein,medium,FALSE
hoog,laag,2.0,4.0,klein,hoog,FALSE
hoog,laag,2.0,4.0,medium,laag,FALSE
hoog,laag,2.0,4.0,medium,medium,FALSE
hoog,laag,2.0,4.0,medium,hoog,FALSE
hoog,laag,2.0,4.0,groot,laag,FALSE
hoog,laag,2.0,4.0,groot,medium,FALSE
hoog,laag,2.0,4.0,groot,hoog,FALSE
hoog,laag,2.0,7.0,klein,laag,FALSE
hoog,laag,2.0,7.0,klein,medium,FALSE
hoog,laag,2.0,7.0,klein,hoog,FALSE
hoog,laag,2.0,7.0,medium,laag,FALSE
hoog,laag,2.0,7.0,medium,medium,FALSE
hoog,laag,2.0,7.0,medium,hoog,FALSE
hoog,laag,2.0,7.0,groot,laag,FALSE
hoog,laag,2.0,7.0,groot,medium,FALSE
hoog,laag,2.0,7.0,groot,hoog,FALSE
hoog,laag,3.0,2.0,klein,laag,FALSE
hoog,laag,3.0,2.0,klein,medium,FALSE
hoog,laag,3.0,2.0,klein,hoog,FALSE
hoog,laag,3.0,2.0,medium,laag,FALSE
hoog,laag,3.0,2.0,medium,medium,FALSE
hoog,laag,3.0,2.0,medium,hoog,FALSE
hoog,laag,3.0,2.0,groot,laag,FALSE
hoog,laag,3.0,2.0,groot,medium,FALSE
hoog,laag,3.0,2.0,groot,hoog,FALSE
hoog,laag,3.0,4.0,klein,laag,FALSE
hoog,laag,3.0,4.0,klein,medium,FALSE
hoog,laag,3.0,4.0,klein,hoog,FALSE
hoog,laag,3.0,4.0,medium,laag,FALSE
hoog,laag,3.0,4.0,medium,medium,FALSE
hoog,laag,3.0,4.0,medium,hoog,FALSE
hoog,laag,3.0,4.0,groot,laag,FALSE
hoog,laag,3.0,4.0,groot,medium,FALSE
hoog,laag,3.0,4.0,groot,hoog,FALSE
hoog,laag,3.0,7.0,klein,laag,FALSE
hoog,laag,3.0,7.0,klein,medium,FALSE
hoog,laag,3.0,7.0,klein,hoog,FALSE
hoog,laag,3.0,7.0,medium,laag,FALSE
hoog,laag,3.0,7.0,medium,medium,FALSE
hoog,laag,3.0,7.0,medium,hoog,FALSE
hoog,laag,3.0,7.0,groot,laag,FALSE
hoog,laag,3.0,7.0,groot,medium,FALSE
hoog,laag,3.0,7.0,groot,hoog,FALSE
hoog,laag,4.0,2.0,klein,laag,FALSE
hoog,laag,4.0,2.0,klein,medium,FALSE
hoog,laag,4.0,2.0,klein,hoog,FALSE
hoog,laag,4.0,2.0,medium,laag,FALSE
hoog,laag,4.0,2.0,medium,medium,FALSE
hoog,laag,4.0,2.0,medium,hoog,FALSE
hoog,laag,4.0,2.0,groot,laag,FALSE
hoog,laag,4.0,2.0,groot,medium,FALSE
hoog,laag,4.0,2.0,groot,hoog,FALSE
hoog,laag,4.0,4.0,klein,laag,FALSE
hoog,laag,4.0,4.0,klein,medium,FALSE
hoog,laag,4.0,4.0,klein,hoog,FALSE
hoog,laag,4.0,4.0,medium,laag,FALSE
hoog,laag,4.0,4.0,medium,medium,FALSE
hoog,laag,4.0,4.0,medium,hoog,FALSE
hoog,laag,4.0,4.0,groot,laag,FALSE
hoog,laag,4.0,4.0,groot,medium,FALSE
hoog,laag,4.0,4.0,groot,hoog,FALSE
hoog,laag,4.0,7.0,klein,laag,FALSE
hoog,laag,4.0,7.0,klein,medium,FALSE
hoog,laag,4.0,7.0,klein,hoog,FALSE
hoog,laag,4.0,7.0,medium,laag,FALSE
hoog,laag,4.0,7.0,medium,medium,FALSE
hoog,laag,4.0,7.0,medium,hoog,FALSE
hoog,laag,4.0,7.0,groot,laag,FALSE
hoog,laag,4.0,7.0,groot,medium,FALSE
hoog,laag,4.0,7.0,groot,hoog,FALSE
hoog,laag,5.0,2.0,klein,laag,FALSE
hoog,laag,5.0,2.0,klein,medium,FALSE
hoog,laag,5.0,2.0,klein,hoog,FALSE
hoog,laag,5.0,2.0,medium,laag,FALSE
hoog,laag,5.0,2.0,medium,medium,FALSE
hoog,laag,5.0,2.0,medium,hoog,FALSE
hoog,laag,5.0,2.0,groot,laag,FALSE
hoog,laag,5.0,2.0,groot,medium,FALSE
hoog,laag,5.0,2.0,groot,hoog,FALSE
hoog,laag,5.0,4.0,klein,laag,FALSE
hoog,laag,5.0,4.0,klein,medium,FALSE
hoog,laag,5.0,4.0,klein,hoog,FALSE
hoog,laag,5.0,4.0,medium,laag,FALSE
hoog,laag,5.0,4.0,medium,medium,FALSE
hoog,laag,5.0,4.0,medium,hoog,FALSE
hoog,laag,5.0,4.0,groot,laag,FALSE
hoog,laag,5.0,4.0,groot,medium,FALSE
hoog,laag,5.0,4.0,groot,hoog,FALSE
hoog,laag,5.0,7.0,klein,laag,FALSE
hoog,laag,5.0,7.0,klein,medium,FALSE
hoog,laag,5.0,7.0,klein,hoog,FALSE
hoog,laag,5.0,7.0,medium,laag,FALSE
hoog,laag,5.0,7.0,medium,medium,FALSE
hoog,laag,5.0,7.0,medium,hoog,FALSE
hoog,laag,5.0,7.0,groot,laag,FALSE
hoog,laag,5.0,7.0,groot,medium,FALSE
hoog,laag,5.0,7.0,groot,hoog,FALSE
medium,zeer hoog,2.0,2.0,klein,laag,FALSE
medium,zeer hoog,2.0,2.0,klein,medium,FALSE
medium,zeer hoog,2.0,2.0,klein,hoog,FALSE
medium,zeer hoog,2.0,2.0,medium,laag,FALSE
medium,zeer hoog,2.0,2.0,medium,medium,FALSE
medium,zeer hoog,2.0,2.0,medium,hoog,FALSE
medium,zeer hoog,2.0,2.0,groot,laag,FALSE
medium,zeer hoog,2.0,2.0,groot,medium,FALSE
medium,zeer hoog,2.0,2.0,groot,hoog,FALSE
medium,zeer hoog,2.0,4.0,klein,laag,FALSE
medium,zeer hoog,2.0,4.0,klein,medium,FALSE
medium,zeer hoog,2.0,4.0,klein,hoog,FALSE
medium,zeer hoog,2.0,4.0,medium,laag,FALSE
medium,zeer hoog,2.0,4.0,medium,medium,FALSE
medium,zeer hoog,2.0,4.0,medium,hoog,FALSE
medium,zeer hoog,2.0,4.0,groot,laag,FALSE
medium,zeer hoog,2.0,4.0,groot,medium,FALSE
medium,zeer hoog,2.0,4.0,groot,hoog,FALSE
medium,zeer hoog,2.0,7.0,klein,laag,FALSE
medium,zeer hoog,2.0,7.0,klein,medium,FALSE
medium,zeer hoog,2.0,7.0,klein,hoog,FALSE
medium,zeer hoog,2.0,7.0,medium,laag,FALSE
medium,zeer hoog,2.0,7.0,medium,medium,FALSE
medium,zeer hoog,2.0,7.0,medium,hoog,FALSE
medium,zeer hoog,2.0,7.0,groot,laag,FALSE
medium,zeer hoog,2.0,7.0,groot,medium,FALSE
medium,zeer hoog,2.0,7.0,groot,hoog,FALSE
medium,zeer hoog,3.0,2.0,klein,laag,FALSE
medium,zeer hoog,3.0,2.0,klein,medium,FALSE
medium,zeer hoog,3.0,2.0,klein,hoog,FALSE
medium,zeer hoog,3.0,2.0,medium,laag,FALSE
medium,zeer hoog,3.0,2.0,medium,medium,FALSE
medium,zeer hoog,3.0,2.0,medium,hoog,FALSE
medium,zeer hoog,3.0,2.0,groot,laag,FALSE
medium,zeer hoog,3.0,2.0,groot,medium,FALSE
medium,zeer hoog,3.0,2.0,groot,hoog,FALSE
medium,zeer hoog,3.0,4.0,klein,laag,FALSE
medium,zeer hoog,3.0,4.0,klein,medium,FALSE
medium,zeer hoog,3.0,4.0,klein,hoog,FALSE
medium,zeer hoog,3.0,4.0,medium,laag,FALSE
medium,zeer hoog,3.0,4.0,medium,medium,FALSE
medium,zeer hoog,3.0,4.0,medium,hoog,FALSE
medium,zeer hoog,3.0,4.0,groot,laag,FALSE
medium,zeer hoog,3.0,4.0,groot,medium,FALSE
medium,zeer hoog,3.0,4.0,groot,hoog,FALSE
medium,zeer hoog,3.0,7.0,klein,laag,FALSE
medium,zeer hoog,3.0,7.0,klein,medium,FALSE
medium,zeer hoog,3.0,7.0,klein,hoog,FALSE
medium,zeer hoog,3.0,7.0,medium,laag,FALSE
medium,zeer hoog,3.0,7.0,medium,medium,FALSE
medium,zeer hoog,3.0,7.0,medium,hoog,FALSE
medium,zeer hoog,3.0,7.0,groot,laag,FALSE
medium,zeer hoog,3.0,7.0,groot,medium,FALSE
medium,zeer hoog,3.0,7.0,groot,hoog,FALSE
medium,zeer hoog,4.0,2.0,klein,laag,FALSE
medium,zeer hoog,4.0,2.0,klein,medium,FALSE
medium,zeer hoog,4.0,2.0,klein,hoog,FALSE
medium,zeer hoog,4.0,2.0,medium,laag,FALSE
medium,zeer hoog,4.0,2.0,medium,medium,FALSE
medium,zeer hoog,4.0,2.0,medium,hoog,FALSE
medium,zeer hoog,4.0,2.0,groot,laag,FALSE
medium,zeer hoog,4.0,2.0,groot,medium,FALSE
medium,zeer hoog,4.0,2.0,groot,hoog,FALSE
medium,zeer hoog,4.0,4.0,klein,laag,FALSE
medium,zeer hoog,4.0,4.0,klein,medium,FALSE
medium,zeer hoog,4.0,4.0,klein,hoog,FALSE
medium,zeer hoog,4.0,4.0,medium,laag,FALSE
medium,zeer hoog,4.0,4.0,medium,medium,FALSE
medium,zeer hoog,4.0,4.0,medium,hoog,FALSE
medium,zeer hoog,4.0,4.0,groot,laag,FALSE
medium,zeer hoog,4.0,4.0,groot,medium,FALSE
medium,zeer hoog,4.0,4.0,groot,hoog,FALSE
medium,zeer hoog,4.0,7.0,klein,laag,FALSE
medium,zeer hoog,4.0,7.0,klein,medium,FALSE
medium,zeer hoog,4.0,7.0,klein,hoog,FALSE
medium,zeer hoog,4.0,7.0,medium,laag,FALSE
medium,zeer hoog,4.0,7.0,medium,medium,FALSE
medium,zeer hoog,4.0,7.0,medium,hoog,FALSE
medium,zeer hoog,4.0,7.0,groot,laag,FALSE
medium,zeer hoog,4.0,7.0,groot,medium,FALSE
medium,zeer hoog,4.0,7.0,groot,hoog,FALSE
medium,zeer hoog,5.0,2.0,klein,laag,FALSE
medium,zeer hoog,5.0,2.0,klein,medium,FALSE
medium,zeer hoog,5.0,2.0,klein,hoog,FALSE
medium,zeer hoog,5.0,2.0,medium,laag,FALSE
medium,zeer hoog,5.0,2.0,medium,medium,FALSE
medium,zeer hoog,5.0,2.0,medium,hoog,FALSE
medium,zeer hoog,5.0,2.0,groot,laag,FALSE
medium,zeer hoog,5.0,2.0,groot,medium,FALSE
medium,zeer hoog,5.0,2.0,groot,hoog,FALSE
medium,zeer hoog,5.0,4.0,klein,laag,FALSE
medium,zeer hoog,5.0,4.0,klein,medium,FALSE
medium,zeer hoog,5.0,4.0,klein,hoog,FALSE
medium,zeer hoog,5.0,4.0,medium,laag,FALSE
medium,zeer hoog,5.0,4.0,medium,medium,FALSE
medium,zeer hoog,5.0,4.0,medium,hoog,FALSE
medium,zeer hoog,5.0,4.0,groot,laag,FALSE
medium,zeer hoog,5.0,4.0,groot,medium,FALSE
medium,zeer hoog,5.0,4.0,groot,hoog,FALSE
medium,zeer hoog,5.0,7.0,klein,laag,FALSE
medium,zeer hoog,5.0,7.0,klein,medium,FALSE
medium,zeer hoog,5.0,7.0,klein,hoog,FALSE
medium,zeer hoog,5.0,7.0,medium,laag,FALSE
medium,zeer hoog,5.0,7.0,medium,medium,FALSE
medium,zeer hoog,5.0,7.0,medium,hoog,FALSE
medium,zeer hoog,5.0,7.0,groot,laag,FALSE
medium,zeer hoog,5.0,7.0,groot,medium,FALSE
medium,zeer hoog,5.0,7.0,groot,hoog,FALSE
medium,hoog,2.0,2.0,klein,laag,FALSE
medium,hoog,2.0,2.0,klein,medium,FALSE
medium,hoog,2.0,2.0,klein,hoog,FALSE
medium,hoog,2.0,2.0,medium,laag,FALSE
medium,hoog,2.0,2.0,medium,medium,FALSE
medium,hoog,2.0,2.0,medium,hoog,FALSE
medium,hoog,2.0,2.0,groot,laag,FALSE
medium,hoog,2.0,2.0,groot,medium,FALSE
medium,hoog,2.0,2.0,groot,hoog,FALSE
medium,hoog,2.0,4.0,klein,laag,FALSE
medium,hoog,2.0,4.0,klein,medium,FALSE
medium,hoog,2.0,4.0,klein,hoog,FALSE
medium,hoog,2.0,4.0,medium,laag,FALSE
medium,hoog,2.0,4.0,medium,medium,FALSE
medium,hoog,2.0,4.0,medium,hoog,FALSE
medium,hoog,2.0,4.0,groot,laag,FALSE
medium,hoog,2.0,4.0,groot,medium,FALSE
medium,hoog,2.0,4.0,groot,hoog,FALSE
medium,hoog,2.0,7.0,klein,laag,FALSE
medium,hoog,2.0,7.0,klein,medium,FALSE
medium,hoog,2.0,7.0,klein,hoog,FALSE
medium,hoog,2.0,7.0,medium,laag,FALSE
medium,hoog,2.0,7.0,medium,medium,FALSE
medium,hoog,2.0,7.0,medium,hoog,FALSE
medium,hoog,2.0,7.0,groot,laag,FALSE
medium,hoog,2.0,7.0,groot,medium,FALSE
medium,hoog,2.0,7.0,groot,hoog,FALSE
medium,hoog,3.0,2.0,klein,laag,FALSE
medium,hoog,3.0,2.0,klein,medium,FALSE
medium,hoog,3.0,2.0,klein,hoog,FALSE
medium,hoog,3.0,2.0,medium,laag,FALSE
medium,hoog,3.0,2.0,medium,medium,FALSE
medium,hoog,3.0,2.0,medium,hoog,FALSE
medium,hoog,3.0,2.0,groot,laag,FALSE
medium,hoog,3.0,2.0,groot,medium,FALSE
medium,hoog,3.0,2.0,groot,hoog,FALSE
medium,hoog,3.0,4.0,klein,laag,FALSE
medium,hoog,3.0,4.0,klein,medium,FALSE
medium,hoog,3.0,4.0,klein,hoog,FALSE
medium,hoog,3.0,4.0,medium,laag,FALSE
medium,hoog,3.0,4.0,medium,medium,FALSE
medium,hoog,3.0,4.0,medium,hoog,FALSE
medium,hoog,3.0,4.0,groot,laag,FALSE
medium,hoog,3.0,4.0,groot,medium,FALSE
medium,hoog,3.0,4.0,groot,hoog,FALSE
medium,hoog,3.0,7.0,klein,laag,FALSE
medium,hoog,3.0,7.0,klein,medium,FALSE
medium,hoog,3.0,7.0,klein,hoog,FALSE
medium,hoog,3.0,7.0,medium,laag,FALSE
medium,hoog,3.0,7.0,medium,medium,FALSE
medium,hoog,3.0,7.0,medium,hoog,FALSE
medium,hoog,3.0,7.0,groot,laag,FALSE
medium,hoog,3.0,7.0,groot,medium,FALSE
medium,hoog,3.0,7.0,groot,hoog,FALSE
medium,hoog,4.0,2.0,klein,laag,FALSE
medium,hoog,4.0,2.0,klein,medium,FALSE
medium,hoog,4.0,2.0,klein,hoog,FALSE
medium,hoog,4.0,2.0,medium,laag,FALSE
medium,hoog,4.0,2.0,medium,medium,FALSE
medium,hoog,4.0,2.0,medium,hoog,FALSE
medium,hoog,4.0,2.0,groot,laag,FALSE
medium,hoog,4.0,2.0,groot,medium,FALSE
medium,hoog,4.0,2.0,groot,hoog,FALSE
medium,hoog,4.0,4.0,klein,laag,FALSE
medium,hoog,4.0,4.0,klein,medium,FALSE
medium,hoog,4.0,4.0,klein,hoog,FALSE
medium,hoog,4.0,4.0,medium,laag,FALSE
medium,hoog,4.0,4.0,medium,medium,FALSE
medium,hoog,4.0,4.0,medium,hoog,FALSE
medium,hoog,4.0,4.0,groot,laag,FALSE
medium,hoog,4.0,4.0,groot,medium,FALSE
medium,hoog,4.0,4.0,groot,hoog,FALSE
medium,hoog,4.0,7.0,klein,laag,FALSE
medium,hoog,4.0,7.0,klein,medium,FALSE
medium,hoog,4.0,7.0,klein,hoog,FALSE
medium,hoog,4.0,7.0,medium,laag,FALSE
medium,hoog,4.0,7.0,medium,medium,FALSE
medium,hoog,4.0,7.0,medium,hoog,FALSE
medium,hoog,4.0,7.0,groot,laag,FALSE
medium,hoog,4.0,7.0,groot,medium,FALSE
medium,hoog,4.0,7.0,groot,hoog,FALSE
medium,hoog,5.0,2.0,klein,laag,FALSE
medium,hoog,5.0,2.0,klein,medium,FALSE
medium,hoog,5.0,2.0,klein,hoog,FALSE
medium,hoog,5.0,2.0,medium,laag,FALSE
medium,hoog,5.0,2.0,medium,medium,FALSE
medium,hoog,5.0,2.0,medium,hoog,FALSE
medium,hoog,5.0,2.0,groot,laag,FALSE
medium,hoog,5.0,2.0,groot,medium,FALSE
medium,hoog,5.0,2.0,groot,hoog,FALSE
medium,hoog,5.0,4.0,klein,laag,FALSE
medium,hoog,5.0,4.0,klein,medium,FALSE
medium,hoog,5.0,4.0,klein,hoog,FALSE
medium,hoog,5.0,4.0,medium,laag,FALSE
medium,hoog,5.0,4.0,medium,medium,FALSE
medium,hoog,5.0,4.0,medium,hoog,FALSE
medium,hoog,5.0,4.0,groot,laag,FALSE
medium,hoog,5.0,4.0,groot,medium,FALSE
medium,hoog,5.0,4.0,groot,hoog,FALSE
medium,hoog,5.0,7.0,klein,laag,FALSE
medium,hoog,5.0,7.0,klein,medium,FALSE
medium,hoog,5.0,7.0,klein,hoog,FALSE
medium,hoog,5.0,7.0,medium,laag,FALSE
medium,hoog,5.0,7.0,medium,medium,FALSE
medium,hoog,5.0,7.0,medium,hoog,FALSE
medium,hoog,5.0,7.0,groot,laag,FALSE
medium,hoog,5.0,7.0,groot,medium,FALSE
medium,hoog,5.0,7.0,groot,hoog,FALSE
medium,medium,2.0,2.0,klein,laag,FALSE
medium,medium,2.0,2.0,klein,medium,FALSE
medium,medium,2.0,2.0,klein,hoog,FALSE
medium,medium,2.0,2.0,medium,laag,FALSE
medium,medium,2.0,2.0,medium,medium,FALSE
medium,medium,2.0,2.0,medium,hoog,FALSE
medium,medium,2.0,2.0,groot,laag,FALSE
medium,medium,2.0,2.0,groot,medium,FALSE
medium,medium,2.0,2.0,groot,hoog,FALSE
medium,medium,2.0,4.0,klein,laag,FALSE
medium,medium,2.0,4.0,klein,medium,FALSE
medium,medium,2.0,4.0,klein,hoog,FALSE
medium,medium,2.0,4.0,medium,laag,FALSE
medium,medium,2.0,4.0,medium,medium,FALSE
medium,medium,2.0,4.0,medium,hoog,FALSE
medium,medium,2.0,4.0,groot,laag,FALSE
medium,medium,2.0,4.0,groot,medium,FALSE
medium,medium,2.0,4.0,groot,hoog,TRUE
medium,medium,2.0,7.0,klein,laag,FALSE
medium,medium,2.0,7.0,klein,medium,FALSE
medium,medium,2.0,7.0,klein,hoog,FALSE
medium,medium,2.0,7.0,medium,laag,FALSE
medium,medium,2.0,7.0,medium,medium,FALSE
medium,medium,2.0,7.0,medium,hoog,FALSE
medium,medium,2.0,7.0,groot,laag,FALSE
medium,medium,2.0,7.0,groot,medium,FALSE
medium,medium,2.0,7.0,groot,hoog,TRUE
medium,medium,3.0,2.0,klein,laag,FALSE
medium,medium,3.0,2.0,klein,medium,FALSE
medium,medium,3.0,2.0,klein,hoog,FALSE
medium,medium,3.0,2.0,medium,laag,FALSE
medium,medium,3.0,2.0,medium,medium,FALSE
medium,medium,3.0,2.0,medium,hoog,FALSE
medium,medium,3.0,2.0,groot,laag,FALSE
medium,medium,3.0,2.0,groot,medium,FALSE
medium,medium,3.0,2.0,groot,hoog,FALSE
medium,medium,3.0,4.0,klein,laag,FALSE
medium,medium,3.0,4.0,klein,medium,FALSE
medium,medium,3.0,4.0,klein,hoog,FALSE
medium,medium,3.0,4.0,medium,laag,FALSE
medium,medium,3.0,4.0,medium,medium,FALSE
medium,medium,3.0,4.0,medium,hoog,FALSE
medium,medium,3.0,4.0,groot,laag,FALSE
medium,medium,3.0,4.0,groot,medium,FALSE
medium,medium,3.0,4.0,groot,hoog,TRUE
medium,medium,3.0,7.0,klein,laag,FALSE
medium,medium,3.0,7.0,klein,medium,FALSE
medium,medium,3.0,7.0,klein,hoog,FALSE
medium,medium,3.0,7.0,medium,laag,FALSE
medium,medium,3.0,7.0,medium,medium,FALSE
medium,medium,3.0,7.0,medium,hoog,TRUE
medium,medium,3.0,7.0,groot,laag,FALSE
medium,medium,3.0,7.0,groot,medium,FALSE
medium,medium,3.0,7.0,groot,hoog,TRUE
medium,medium,4.0,2.0,klein,laag,FALSE
medium,medium,4.0,2.0,klein,medium,FALSE
medium,medium,4.0,2.0,klein,hoog,FALSE
medium,medium,4.0,2.0,medium,laag,FALSE
medium,medium,4.0,2.0,medium,medium,FALSE
medium,medium,4.0,2.0,medium,hoog,FALSE
medium,medium,4.0,2.0,groot,laag,FALSE
medium,medium,4.0,2.0,groot,medium,FALSE
medium,medium,4.0,2.0,groot,hoog,FALSE
medium,medium,4.0,4.0,klein,laag,FALSE
medium,medium,4.0,4.0,klein,medium,FALSE
medium,medium,4.0,4.0,klein,hoog,FALSE
medium,medium,4.0,4.0,medium,laag,FALSE
medium,medium,4.0,4.0,medium,medium,FALSE
medium,medium,4.0,4.0,medium,hoog,TRUE
medium,medium,4.0,4.0,groot,laag,FALSE
medium,medium,4.0,4.0,groot,medium,FALSE
medium,medium,4.0,4.0,groot,hoog,TRUE
medium,medium,4.0,7.0,klein,laag,FALSE
medium,medium,4.0,7.0,klein,medium,FALSE
medium,medium,4.0,7.0,klein,hoog,FALSE
medium,medium,4.0,7.0,medium,laag,FALSE
medium,medium,4.0,7.0,medium,medium,FALSE
medium,medium,4.0,7.0,medium,hoog,TRUE
medium,medium,4.0,7.0,groot,laag,FALSE
medium,medium,4.0,7.0,groot,medium,FALSE
medium,medium,4.0,7.0,groot,hoog,TRUE
medium,medium,5.0,2.0,klein,laag,FALSE
medium,medium,5.0,2.0,klein,medium,FALSE
medium,medium,5.0,2.0,klein,hoog,FALSE
medium,medium,5.0,2.0,medium,laag,FALSE
medium,medium,5.0,2.0,medium,medium,FALSE
medium,medium,5.0,2.0,medium,hoog,FALSE
medium,medium,5.0,2.0,groot,laag,FALSE
medium,medium,5.0,2.0,groot,medium,FALSE
medium,medium,5.0,2.0,groot,hoog,FALSE
medium,medium,5.0,4.0,klein,laag,FALSE
medium,medium,5.0,4.0,klein,medium,FALSE
medium,medium,5.0,4.0,klein,hoog,FALSE
medium,medium,5.0,4.0,medium,laag,FALSE
medium,medium,5.0,4.0,medium,medium,FALSE
medium,medium,5.0,4.0,medium,hoog,TRUE
medium,medium,5.0,4.0,groot,laag,FALSE
medium,medium,5.0,4.0,groot,medium,FALSE
medium,medium,5.0,4.0,groot,hoog,TRUE
medium,medium,5.0,7.0,klein,laag,FALSE
medium,medium,5.0,7.0,klein,medium,FALSE
medium,medium,5.0,7.0,klein,hoog,FALSE
medium,medium,5.0,7.0,medium,laag,FALSE
medium,medium,5.0,7.0,medium,medium,FALSE
medium,medium,5.0,7.0,medium,hoog,TRUE
medium,medium,5.0,7.0,groot,laag,FALSE
medium,medium,5.0,7.0,groot,medium,FALSE
medium,medium,5.0,7.0,groot,hoog,TRUE
medium,laag,2.0,2.0,klein,laag,FALSE
medium,laag,2.0,2.0,klein,medium,FALSE
medium,laag,2.0,2.0,klein,hoog,FALSE
medium,laag,2.0,2.0,medium,laag,FALSE
medium,laag,2.0,2.0,medium,medium,FALSE
medium,laag,2.0,2.0,medium,hoog,FALSE
medium,laag,2.0,2.0,groot,laag,FALSE
medium,laag,2.0,2.0,groot,medium,FALSE
medium,laag,2.0,2.0,groot,hoog,FALSE
medium,laag,2.0,4.0,klein,laag,FALSE
medium,laag,2.0,4.0,klein,medium,FALSE
medium,laag,2.0,4.0,klein,hoog,TRUE
medium,laag,2.0,4.0,medium,laag,FALSE
medium,laag,2.0,4.0,medium,medium,FALSE
medium,laag,2.0,4.0,medium,hoog,TRUE
medium,laag,2.0,4.0,groot,laag,FALSE
medium,laag,2.0,4.0,groot,medium,TRUE
medium,laag,2.0,4.0,groot,hoog,TRUE
medium,laag,2.0,7.0,klein,laag,FALSE
medium,laag,2.0,7.0,klein,medium,FALSE
medium,laag,2.0,7.0,klein,hoog,FALSE
medium,laag,2.0,7.0,medium,laag,FALSE
medium,laag,2.0,7.0,medium,medium,FALSE
medium,laag,2.0,7.0,medium,hoog,TRUE
medium,laag,2.0,7.0,groot,laag,FALSE
medium,laag,2.0,7.0,groot,medium,TRUE
medium,laag,2.0,7.0,groot,hoog,TRUE
medium,laag,3.0,2.0,klein,laag,FALSE
medium,laag,3.0,2.0,klein,medium,FALSE
medium,laag,3.0,2.0,klein,hoog,FALSE
medium,laag,3.0,2.0,medium,laag,FALSE
medium,laag,3.0,2.0,medium,medium,FALSE
medium,laag,3.0,2.0,medium,hoog,FALSE
medium,laag,3.0,2.0,groot,laag,FALSE
medium,laag,3.0,2.0,groot,medium,FALSE
medium,laag,3.0,2.0,groot,hoog,FALSE
medium,laag,3.0,4.0,klein,laag,FALSE
medium,laag,3.0,4.0,klein,medium,FALSE
medium,laag,3.0,4.0,klein,hoog,TRUE
medium,laag,3.0,4.0,medium,laag,FALSE
medium,laag,3.0,4.0,medium,medium,FALSE
medium,laag,3.0,4.0,medium,hoog,TRUE
medium,laag,3.0,4.0,groot,laag,FALSE
medium,laag,3.0,4.0,groot,medium,TRUE
medium,laag,3.0,4.0,groot,hoog,TRUE
medium,laag,3.0,7.0,klein,laag,FALSE
medium,laag,3.0,7.0,klein,medium,FALSE
medium,laag,3.0,7.0,klein,hoog,TRUE
medium,laag,3.0,7.0,medium,laag,FALSE
medium,laag,3.0,7.0,medium,medium,TRUE
medium,laag,3.0,7.0,medium,hoog,TRUE
medium,laag,3.0,7.0,groot,laag,FALSE
medium,laag,3.0,7.0,groot,medium,TRUE
medium,laag,3.0,7.0,groot,hoog,TRUE
medium,laag,4.0,2.0,klein,laag,FALSE
medium,laag,4.0,2.0,klein,medium,FALSE
medium,laag,4.0,2.0,klein,hoog,FALSE
medium,laag,4.0,2.0,medium,laag,FALSE
medium,laag,4.0,2.0,medium,medium,FALSE
medium,laag,4.0,2.0,medium,hoog,FALSE
medium,laag,4.0,2.0,groot,laag,FALSE
medium,laag,4.0,2.0,groot,medium,FALSE
medium,laag,4.0,2.0,groot,hoog,FALSE
medium,laag,4.0,4.0,klein,laag,FALSE
medium,laag,4.0,4.0,klein,medium,FALSE
medium,laag,4.0,4.0,klein,hoog,TRUE
medium,laag,4.0,4.0,medium,laag,FALSE
medium,laag,4.0,4.0,medium,medium,TRUE
medium,laag,4.0,4.0,medium,hoog,TRUE
medium,laag,4.0,4.0,groot,laag,FALSE
medium,laag,4.0,4.0,groot,medium,TRUE
medium,laag,4.0,4.0,groot,hoog,TRUE
medium,laag,4.0,7.0,klein,laag,FALSE
medium,laag,4.0,7.0,klein,medium,FALSE
medium,laag,4.0,7.0,klein,hoog,TRUE
medium,laag,4.0,7.0,medium,laag,FALSE
medium,laag,4.0,7.0,medium,medium,TRUE
medium,laag,4.0,7.0,medium,hoog,TRUE
medium,laag,4.0,7.0,groot,laag,FALSE
medium,laag,4.0,7.0,groot,medium,TRUE
medium,laag,4.0,7.0,groot,hoog,TRUE
medium,laag,5.0,2.0,klein,laag,FALSE
medium,laag,5.0,2.0,klein,medium,FALSE
medium,laag,5.0,2.0,klein,hoog,FALSE
medium,laag,5.0,2.0,medium,laag,FALSE
medium,laag,5.0,2.0,medium,medium,FALSE
medium,laag,5.0,2.0,medium,hoog,FALSE
medium,laag,5.0,2.0,groot,laag,FALSE
medium,laag,5.0,2.0,groot,medium,FALSE
medium,laag,5.0,2.0,groot,hoog,FALSE
medium,laag,5.0,4.0,klein,laag,FALSE
medium,laag,5.0,4.0,klein,medium,FALSE
medium,laag,5.0,4.0,klein,hoog,TRUE
medium,laag,5.0,4.0,medium,laag,FALSE
medium,laag,5.0,4.0,medium,medium,TRUE
medium,laag,5.0,4.0,medium,hoog,TRUE
medium,laag,5.0,4.0,groot,laag,FALSE
medium,laag,5.0,4.0,groot,medium,TRUE
medium,laag,5.0,4.0,groot,hoog,TRUE
medium,laag,5.0,7.0,klein,laag,FALSE
medium,laag,5.0,7.0,klein,medium,FALSE
medium,laag,5.0,7.0,klein,hoog,TRUE
medium,laag,5.0,7.0,medium,laag,FALSE
medium,laag,5.0,7.0,medium,medium,TRUE
medium,laag,5.0,7.0,medium,hoog,TRUE
medium,laag,5.0,7.0,groot,laag,FALSE
medium,laag,5.0,7.0,groot,medium,TRUE
medium,laag,5.0,7.0,groot,hoog,TRUE
laag,zeer hoog,2.0,2.0,klein,laag,FALSE
laag,zeer hoog,2.0,2.0,klein,medium,FALSE
laag,zeer hoog,2.0,2.0,klein,hoog,FALSE
laag,zeer hoog,2.0,2.0,medium,laag,FALSE
laag,zeer hoog,2.0,2.0,medium,medium,FALSE
laag,zeer hoog,2.0,2.0,medium,hoog,FALSE
laag,zeer hoog,2.0,2.0,groot,laag,FALSE
laag,zeer hoog,2.0,2.0,groot,medium,FALSE
laag,zeer hoog,2.0,2.0,groot,hoog,FALSE
laag,zeer hoog,2.0,4.0,klein,laag,FALSE
laag,zeer hoog,2.0,4.0,klein,medium,FALSE
laag,zeer hoog,2.0,4.0,klein,hoog,FALSE
laag,zeer hoog,2.0,4.0,medium,laag,FALSE
laag,zeer hoog,2.0,4.0,medium,medium,FALSE
laag,zeer hoog,2.0,4.0,medium,hoog,FALSE
laag,zeer hoog,2.0,4.0,groot,laag,FALSE
laag,zeer hoog,2.0,4.0,groot,medium,FALSE
laag,zeer hoog,2.0,4.0,groot,hoog,FALSE
laag,zeer hoog,2.0,7.0,klein,laag,FALSE
laag,zeer hoog,2.0,7.0,klein,medium,FALSE
laag,zeer hoog,2.0,7.0,klein,hoog,FALSE
laag,zeer hoog,2.0,7.0,medium,laag,FALSE
laag,zeer hoog,2.0,7.0,medium,medium,FALSE
laag,zeer hoog,2.0,7.0,medium,hoog,FALSE
laag,zeer hoog,2.0,7.0,groot,laag,FALSE
laag,zeer hoog,2.0,7.0,groot,medium,FALSE
laag,zeer hoog,2.0,7.0,groot,hoog,FALSE
laag,zeer hoog,3.0,2.0,klein,laag,FALSE
laag,zeer hoog,3.0,2.0,klein,medium,FALSE
laag,zeer hoog,3.0,2.0,klein,hoog,FALSE
laag,zeer hoog,3.0,2.0,medium,laag,FALSE
laag,zeer hoog,3.0,2.0,medium,medium,FALSE
laag,zeer hoog,3.0,2.0,medium,hoog,FALSE
laag,zeer hoog,3.0,2.0,groot,laag,FALSE
laag,zeer hoog,3.0,2.0,groot,medium,FALSE
laag,zeer hoog,3.0,2.0,groot,hoog,FALSE
laag,zeer hoog,3.0,4.0,klein,laag,FALSE
laag,zeer hoog,3.0,4.0,klein,medium,FALSE
laag,zeer hoog,3.0,4.0,klein,hoog,FALSE
laag,zeer hoog,3.0,4.0,medium,laag,FALSE
laag,zeer hoog,3.0,4.0,medium,medium,FALSE
laag,zeer hoog,3.0,4.0,medium,hoog,FALSE
laag,zeer hoog,3.0,4.0,groot,laag,FALSE
laag,zeer hoog,3.0,4.0,groot,medium,FALSE
laag,zeer hoog,3.0,4.0,groot,hoog,FALSE
laag,zeer hoog,3.0,7.0,klein,laag,FALSE
laag,zeer hoog,3.0,7.0,klein,medium,FALSE
laag,zeer hoog,3.0,7.0,klein,hoog,FALSE
laag,zeer hoog,3.0,7.0,medium,laag,FALSE
laag,zeer hoog,3.0,7.0,medium,medium,FALSE
laag,zeer hoog,3.0,7.0,medium,hoog,FALSE
laag,zeer hoog,3.0,7.0,groot,laag,FALSE
laag,zeer hoog,3.0,7.0,groot,medium,FALSE
laag,zeer hoog,3.0,7.0,groot,hoog,FALSE
laag,zeer hoog,4.0,2.0,klein,laag,FALSE
laag,zeer hoog,4.0,2.0,klein,medium,FALSE
laag,zeer hoog,4.0,2.0,klein,hoog,FALSE
laag,zeer hoog,4.0,2.0,medium,laag,FALSE
laag,zeer hoog,4.0,2.0,medium,medium,FALSE
laag,zeer hoog,4.0,2.0,medium,hoog,FALSE
laag,zeer hoog,4.0,2.0,groot,laag,FALSE
laag,zeer hoog,4.0,2.0,groot,medium,FALSE
laag,zeer hoog,4.0,2.0,groot,hoog,FALSE
laag,zeer hoog,4.0,4.0,klein,laag,FALSE
laag,zeer hoog,4.0,4.0,klein,medium,FALSE
laag,zeer hoog,4.0,4.0,klein,hoog,FALSE
laag,zeer hoog,4.0,4.0,medium,laag,FALSE
laag,zeer hoog,4.0,4.0,medium,medium,FALSE
laag,zeer hoog,4.0,4.0,medium,hoog,FALSE
laag,zeer hoog,4.0,4.0,groot,laag,FALSE
laag,zeer hoog,4.0,4.0,groot,medium,FALSE
laag,zeer hoog,4.0,4.0,groot,hoog,FALSE
laag,zeer hoog,4.0,7.0,klein,laag,FALSE
laag,zeer hoog,4.0,7.0,klein,medium,FALSE
laag,zeer hoog,4.0,7.0,klein,hoog,FALSE
laag,zeer hoog,4.0,7.0,medium,laag,FALSE
laag,zeer hoog,4.0,7.0,medium,medium,FALSE
laag,zeer hoog,4.0,7.0,medium,hoog,FALSE
laag,zeer hoog,4.0,7.0,groot,laag,FALSE
laag,zeer hoog,4.0,7.0,groot,medium,FALSE
laag,zeer hoog,4.0,7.0,groot,hoog,FALSE
laag,zeer hoog,5.0,2.0,klein,laag,FALSE
laag,zeer hoog,5.0,2.0,klein,medium,FALSE
laag,zeer hoog,5.0,2.0,klein,hoog,FALSE
laag,zeer hoog,5.0,2.0,medium,laag,FALSE
laag,zeer hoog,5.0,2.0,medium,medium,FALSE
laag,zeer hoog,5.0,2.0,medium,hoog,FALSE
laag,zeer hoog,5.0,2.0,groot,laag,FALSE
laag,zeer hoog,5.0,2.0,groot,medium,FALSE
laag,zeer hoog,5.0,2.0,groot,hoog,FALSE
laag,zeer hoog,5.0,4.0,klein,laag,FALSE
laag,zeer hoog,5.0,4.0,klein,medium,FALSE
laag,zeer hoog,5.0,4.0,klein,hoog,FALSE
laag,zeer hoog,5.0,4.0,medium,laag,FALSE
laag,zeer hoog,5.0,4.0,medium,medium,FALSE
laag,zeer hoog,5.0,4.0,medium,hoog,FALSE
laag,zeer hoog,5.0,4.0,groot,laag,FALSE
laag,zeer hoog,5.0,4.0,groot,medium,FALSE
laag,zeer hoog,5.0,4.0,groot,hoog,FALSE
laag,zeer hoog,5.0,7.0,klein,laag,FALSE
laag,zeer hoog,5.0,7.0,klein,medium,FALSE
laag,zeer hoog,5.0,7.0,klein,hoog,FALSE
laag,zeer hoog,5.0,7.0,medium,laag,FALSE
laag,zeer hoog,5.0,7.0,medium,medium,FALSE
laag,zeer hoog,5.0,7.0,medium,hoog,FALSE
laag,zeer hoog,5.0,7.0,groot,laag,FALSE
laag,zeer hoog,5.0,7.0,groot,medium,FALSE
laag,zeer hoog,5.0,7.0,groot,hoog,FALSE
laag,hoog,2.0,2.0,klein,laag,FALSE
laag,hoog,2.0,2.0,klein,medium,FALSE
laag,hoog,2.0,2.0,klein,hoog,FALSE
laag,hoog,2.0,2.0,medium,laag,FALSE
laag,hoog,2.0,2.0,medium,medium,FALSE
laag,hoog,2.0,2.0,medium,hoog,FALSE
laag,hoog,2.0,2.0,groot,laag,FALSE
laag,hoog,2.0,2.0,groot,medium,FALSE
laag,hoog,2.0,2.0,groot,hoog,FALSE
laag,hoog,2.0,4.0,klein,laag,FALSE
laag,hoog,2.0,4.0,klein,medium,FALSE
laag,hoog,2.0,4.0,klein,hoog,FALSE
laag,hoog,2.0,4.0,medium,laag,FALSE
laag,hoog,2.0,4.0,medium,medium,FALSE
laag,hoog,2.0,4.0,medium,hoog,FALSE
laag,hoog,2.0,4.0,groot,laag,FALSE
laag,hoog,2.0,4.0,groot,medium,FALSE
laag,hoog,2.0,4.0,groot,hoog,TRUE
laag,hoog,2.0,7.0,klein,laag,FALSE
laag,hoog,2.0,7.0,klein,medium,FALSE
laag,hoog,2.0,7.0,klein,hoog,FALSE
laag,hoog,2.0,7.0,medium,laag,FALSE
laag,hoog,2.0,7.0,medium,medium,FALSE
laag,hoog,2.0,7.0,medium,hoog,FALSE
laag,hoog,2.0,7.0,groot,laag,FALSE
laag,hoog,2.0,7.0,groot,medium,FALSE
laag,hoog,2.0,7.0,groot,hoog,TRUE
laag,hoog,3.0,2.0,klein,laag,FALSE
laag,hoog,3.0,2.0,klein,medium,FALSE
laag,hoog,3.0,2.0,klein,hoog,FALSE
laag,hoog,3.0,2.0,medium,laag,FALSE
laag,hoog,3.0,2.0,medium,medium,FALSE
laag,hoog,3.0,2.0,medium,hoog,FALSE
laag,hoog,3.0,2.0,groot,laag,FALSE
laag,hoog,3.0,2.0,groot,medium,FALSE
laag,hoog,3.0,2.0,groot,hoog,FALSE
laag,hoog,3.0,4.0,klein,laag,FALSE
laag,hoog,3.0,4.0,klein,medium,FALSE
laag,hoog,3.0,4.0,klein,hoog,FALSE
laag,hoog,3.0,4.0,medium,laag,FALSE
laag,hoog,3.0,4.0,medium,medium,FALSE
laag,hoog,3.0,4.0,medium,hoog,FALSE
laag,hoog,3.0,4.0,groot,laag,FALSE
laag,hoog,3.0,4.0,groot,medium,FALSE
laag,hoog,3.0,4.0,groot,hoog,TRUE
laag,hoog,3.0,7.0,klein,laag,FALSE
laag,hoog,3.0,7.0,klein,medium,FALSE
laag,hoog,3.0,7.0,klein,hoog,FALSE
laag,hoog,3.0,7.0,medium,laag,FALSE
laag,hoog,3.0,7.0,medium,medium,FALSE
laag,hoog,3.0,7.0,medium,hoog,TRUE
laag,hoog,3.0,7.0,groot,laag,FALSE
laag,hoog,3.0,7.0,groot,medium,FALSE
laag,hoog,3.0,7.0,groot,hoog,TRUE
laag,hoog,4.0,2.0,klein,laag,FALSE
laag,hoog,4.0,2.0,klein,medium,FALSE
laag,hoog,4.0,2.0,klein,hoog,FALSE
laag,hoog,4.0,2.0,medium,laag,FALSE
laag,hoog,4.0,2.0,medium,medium,FALSE
laag,hoog,4.0,2.0,medium,hoog,FALSE
laag,hoog,4.0,2.0,groot,laag,FALSE
laag,hoog,4.0,2.0,groot,medium,FALSE
laag,hoog,4.0,2.0,groot,hoog,FALSE
laag,hoog,4.0,4.0,klein,laag,FALSE
laag,hoog,4.0,4.0,klein,medium,FALSE
laag,hoog,4.0,4.0,klein,hoog,FALSE
laag,hoog,4.0,4.0,medium,laag,FALSE
laag,hoog,4.0,4.0,medium,medium,FALSE
laag,hoog,4.0,4.0,medium,hoog,TRUE
laag,hoog,4.0,4.0,groot,laag,FALSE
laag,hoog,4.0,4.0,groot,medium,FALSE
laag,hoog,4.0,4.0,groot,hoog,TRUE
laag,hoog,4.0,7.0,klein,laag,FALSE
laag,hoog,4.0,7.0,klein,medium,FALSE
laag,hoog,4.0,7.0,klein,hoog,FALSE
laag,hoog,4.0,7.0,medium,laag,FALSE
laag,hoog,4.0,7.0,medium,medium,FALSE
laag,hoog,4.0,7.0,medium,hoog,TRUE
laag,hoog,4.0,7.0,groot,laag,FALSE
laag,hoog,4.0,7.0,groot,medium,FALSE
laag,hoog,4.0,7.0,groot,hoog,TRUE
laag,hoog,5.0,2.0,klein,laag,FALSE
laag,hoog,5.0,2.0,klein,medium,FALSE
laag,hoog,5.0,2.0,klein,hoog,FALSE
laag,hoog,5.0,2.0,medium,laag,FALSE
laag,hoog,5.0,2.0,medium,medium,FALSE
laag,hoog,5.0,2.0,medium,hoog,FALSE
laag,hoog,5.0,2.0,groot,laag,FALSE
laag,hoog,5.0,2.0,groot,medium,FALSE
laag,hoog,5.0,2.0,groot,hoog,FALSE
laag,hoog,5.0,4.0,klein,laag,FALSE
laag,hoog,5.0,4.0,klein,medium,FALSE
laag,hoog,5.0,4.0,klein,hoog,FALSE
laag,hoog,5.0,4.0,medium,laag,FALSE
laag,hoog,5.0,4.0,medium,medium,FALSE
laag,hoog,5.0,4.0,medium,hoog,TRUE
laag,hoog,5.0,4.0,groot,laag,FALSE
laag,hoog,5.0,4.0,groot,medium,FALSE
laag,hoog,5.0,4.0,groot,hoog,TRUE
laag,hoog,5.0,7.0,klein,laag,FALSE
laag,hoog,5.0,7.0,klein,medium,FALSE
laag,hoog,5.0,7.0,klein,hoog,FALSE
laag,hoog,5.0,7.0,medium,laag,FALSE
laag,hoog,5.0,7.0,medium,medium,FALSE
laag,hoog,5.0,7.0,medium,hoog,TRUE
laag,hoog,5.0,7.0,groot,laag,FALSE
laag,hoog,5.0,7.0,groot,medium,FALSE
laag,hoog,5.0,7.0,groot,hoog,TRUE
laag,medium,2.0,2.0,klein,laag,FALSE
laag,medium,2.0,2.0,klein,medium,FALSE
laag,medium,2.0,2.0,klein,hoog,FALSE
laag,medium,2.0,2.0,medium,laag,FALSE
laag,medium,2.0,2.0,medium,medium,FALSE
laag,medium,2.0,2.0,medium,hoog,FALSE
laag,medium,2.0,2.0,groot,laag,FALSE
laag,medium,2.0,2.0,groot,medium,FALSE
laag,medium,2.0,2.0,groot,hoog,FALSE
laag,medium,2.0,4.0,klein,laag,FALSE
laag,medium,2.0,4.0,klein,medium,FALSE
laag,medium,2.0,4.0,klein,hoog,TRUE
laag,medium,2.0,4.0,medium,laag,FALSE
laag,medium,2.0,4.0,medium,medium,FALSE
laag,medium,2.0,4.0,medium,hoog,TRUE
laag,medium,2.0,4.0,groot,laag,FALSE
laag,medium,2.0,4.0,groot,medium,TRUE
laag,medium,2.0,4.0,groot,hoog,TRUE
laag,medium,2.0,7.0,klein,laag,FALSE
laag,medium,2.0,7.0,klein,medium,FALSE
laag,medium,2.0,7.0,klein,hoog,FALSE
laag,medium,2.0,7.0,medium,laag,FALSE
laag,medium,2.0,7.0,medium,medium,FALSE
laag,medium,2.0,7.0,medium,hoog,TRUE
laag,medium,2.0,7.0,groot,laag,FALSE
laag,medium,2.0,7.0,groot,medium,TRUE
laag,medium,2.0,7.0,groot,hoog,TRUE
laag,medium,3.0,2.0,klein,laag,FALSE
laag,medium,3.0,2.0,klein,medium,FALSE
laag,medium,3.0,2.0,klein,hoog,FALSE
laag,medium,3.0,2.0,medium,laag,FALSE
laag,medium,3.0,2.0,medium,medium,FALSE
laag,medium,3.0,2.0,medium,hoog,FALSE
laag,medium,3.0,2.0,groot,laag,FALSE
laag,medium,3.0,2.0,groot,medium,FALSE
laag,medium,3.0,2.0,groot,hoog,FALSE
laag,medium,3.0,4.0,klein,laag,FALSE
laag,medium,3.0,4.0,klein,medium,FALSE
laag,medium,3.0,4.0,klein,hoog,TRUE
laag,medium,3.0,4.0,medium,laag,FALSE
laag,medium,3.0,4.0,medium,medium,FALSE
laag,medium,3.0,4.0,medium,hoog,TRUE
laag,medium,3.0,4.0,groot,laag,FALSE
laag,medium,3.0,4.0,groot,medium,TRUE
laag,medium,3.0,4.0,groot,hoog,TRUE
laag,medium,3.0,7.0,klein,laag,FALSE
laag,medium,3.0,7.0,klein,medium,FALSE
laag,medium,3.0,7.0,klein,hoog,TRUE
laag,medium,3.0,7.0,medium,laag,FALSE
laag,medium,3.0,7.0,medium,medium,TRUE
laag,medium,3.0,7.0,medium,hoog,TRUE
laag,medium,3.0,7.0,groot,laag,FALSE
laag,medium,3.0,7.0,groot,medium,TRUE
laag,medium,3.0,7.0,groot,hoog,TRUE
laag,medium,4.0,2.0,klein,laag,FALSE
laag,medium,4.0,2.0,klein,medium,FALSE
laag,medium,4.0,2.0,klein,hoog,FALSE
laag,medium,4.0,2.0,medium,laag,FALSE
laag,medium,4.0,2.0,medium,medium,FALSE
laag,medium,4.0,2.0,medium,hoog,FALSE
laag,medium,4.0,2.0,groot,laag,FALSE
laag,medium,4.0,2.0,groot,medium,FALSE
laag,medium,4.0,2.0,groot,hoog,FALSE
laag,medium,4.0,4.0,klein,laag,FALSE
laag,medium,4.0,4.0,klein,medium,FALSE
laag,medium,4.0,4.0,klein,hoog,TRUE
laag,medium,4.0,4.0,medium,laag,FALSE
laag,medium,4.0,4.0,medium,medium,TRUE
laag,medium,4.0,4.0,medium,hoog,TRUE
laag,medium,4.0,4.0,groot,laag,FALSE
laag,medium,4.0,4.0,groot,medium,TRUE
laag,medium,4.0,4.0,groot,hoog,TRUE
laag,medium,4.0,7.0,klein,laag,FALSE
laag,medium,4.0,7.0,klein,medium,FALSE
laag,medium,4.0,7.0,klein,hoog,TRUE
laag,medium,4.0,7.0,medium,laag,FALSE
laag,medium,4.0,7.0,medium,medium,TRUE
laag,medium,4.0,7.0,medium,hoog,TRUE
laag,medium,4.0,7.0,groot,laag,FALSE
laag,medium,4.0,7.0,groot,medium,TRUE
laag,medium,4.0,7.0,groot,hoog,TRUE
laag,medium,5.0,2.0,klein,laag,FALSE
laag,medium,5.0,2.0,klein,medium,FALSE
laag,medium,5.0,2.0,klein,hoog,FALSE
laag,medium,5.0,2.0,medium,laag,FALSE
laag,medium,5.0,2.0,medium,medium,FALSE
laag,medium,5.0,2.0,medium,hoog,FALSE
laag,medium,5.0,2.0,groot,laag,FALSE
laag,medium,5.0,2.0,groot,medium,FALSE
laag,medium,5.0,2.0,groot,hoog,FALSE
laag,medium,5.0,4.0,klein,laag,FALSE
laag,medium,5.0,4.0,klein,medium,FALSE
laag,medium,5.0,4.0,klein,hoog,TRUE
laag,medium,5.0,4.0,medium,laag,FALSE
laag,medium,5.0,4.0,medium,medium,TRUE
laag,medium,5.0,4.0,medium,hoog,TRUE
laag,medium,5.0,4.0,groot,laag,FALSE
laag,medium,5.0,4.0,groot,medium,TRUE
laag,medium,5.0,4.0,groot,hoog,TRUE
laag,medium,5.0,7.0,klein,laag,FALSE
laag,medium,5.0,7.0,klein,medium,FALSE
laag,medium,5.0,7.0,klein,hoog,TRUE
laag,medium,5.0,7.0,medium,laag,FALSE
laag,medium,5.0,7.0,medium,medium,TRUE
laag,medium,5.0,7.0,medium,hoog,TRUE
laag,medium,5.0,7.0,groot,laag,FALSE
laag,medium,5.0,7.0,groot,medium,TRUE
laag,medium,5.0,7.0,groot,hoog,TRUE
laag,laag,2.0,2.0,klein,laag,FALSE
laag,laag,2.0,2.0,klein,medium,FALSE
laag,laag,2.0,2.0,klein,hoog,FALSE
laag,laag,2.0,2.0,medium,laag,FALSE
laag,laag,2.0,2.0,medium,medium,FALSE
laag,laag,2.0,2.0,medium,hoog,FALSE
laag,laag,2.0,2.0,groot,laag,FALSE
laag,laag,2.0,2.0,groot,medium,FALSE
laag,laag,2.0,2.0,groot,hoog,FALSE
laag,laag,2.0,4.0,klein,laag,FALSE
laag,laag,2.0,4.0,klein,medium,FALSE
laag,laag,2.0,4.0,klein,hoog,TRUE
laag,laag,2.0,4.0,medium,laag,FALSE
laag,laag,2.0,4.0,medium,medium,FALSE
laag,laag,2.0,4.0,medium,hoog,TRUE
laag,laag,2.0,4.0,groot,laag,FALSE
laag,laag,2.0,4.0,groot,medium,TRUE
laag,laag,2.0,4.0,groot,hoog,TRUE
laag,laag,2.0,7.0,klein,laag,FALSE
laag,laag,2.0,7.0,klein,medium,FALSE
laag,laag,2.0,7.0,klein,hoog,FALSE
laag,laag,2.0,7.0,medium,laag,FALSE
laag,laag,2.0,7.0,medium,medium,FALSE
laag,laag,2.0,7.0,medium,hoog,TRUE
laag,laag,2.0,7.0,groot,laag,FALSE
laag,laag,2.0,7.0,groot,medium,TRUE
laag,laag,2.0,7.0,groot,hoog,TRUE
laag,laag,3.0,2.0,klein,laag,FALSE
laag,laag,3.0,2.0,klein,medium,FALSE
laag,laag,3.0,2.0,klein,hoog,FALSE
laag,laag,3.0,2.0,medium,laag,FALSE
laag,laag,3.0,2.0,medium,medium,FALSE
laag,laag,3.0,2.0,medium,hoog,FALSE
laag,laag,3.0,2.0,groot,laag,FALSE
laag,laag,3.0,2.0,groot,medium,FALSE
laag,laag,3.0,2.0,groot,hoog,FALSE
laag,laag,3.0,4.0,klein,laag,FALSE
laag,laag,3.0,4.0,klein,medium,FALSE
laag,laag,3.0,4.0,klein,hoog,TRUE
laag,laag,3.0,4.0,medium,laag,FALSE
laag,laag,3.0,4.0,medium,medium,FALSE
laag,laag,3.0,4.0,medium,hoog,TRUE
laag,laag,3.0,4.0,groot,laag,FALSE
laag,laag,3.0,4.0,groot,medium,TRUE
laag,laag,3.0,4.0,groot,hoog,TRUE
laag,laag,3.0,7.0,klein,laag,FALSE
laag,laag,3.0,7.0,klein,medium,FALSE
laag,laag,3.0,7.0,klein,hoog,TRUE
laag,laag,3.0,7.0,medium,laag,FALSE
laag,laag,3.0,7.0,medium,medium,TRUE
laag,laag,3.0,7.0,medium,hoog,TRUE
laag,laag,3.0,7.0,groot,laag,FALSE
laag,laag,3.0,7.0,groot,medium,TRUE
laag,laag,3.0,7.0,groot,hoog,TRUE
laag,laag,4.0,2.0,klein,laag,FALSE
laag,laag,4.0,2.0,klein,medium,FALSE
laag,laag,4.0,2.0,klein,hoog,FALSE
laag,laag,4.0,2.0,medium,laag,FALSE
laag,laag,4.0,2.0,medium,medium,FALSE
laag,laag,4.0,2.0,medium,hoog,FALSE
laag,laag,4.0,2.0,groot,laag,FALSE
laag,laag,4.0,2.0,groot,medium,FALSE
laag,laag,4.0,2.0,groot,hoog,FALSE
laag,laag,4.0,4.0,klein,laag,FALSE
laag,laag,4.0,4.0,klein,medium,FALSE
laag,laag,4.0,4.0,klein,hoog,TRUE
laag,laag,4.0,4.0,medium,laag,FALSE
laag,laag,4.0,4.0,medium,medium,TRUE
laag,laag,4.0,4.0,medium,hoog,TRUE
laag,laag,4.0,4.0,groot,laag,FALSE
laag,laag,4.0,4.0,groot,medium,TRUE
laag,laag,4.0,4.0,groot,hoog,TRUE
laag,laag,4.0,7.0,klein,laag,FALSE
laag,laag,4.0,7.0,klein,medium,FALSE
laag,laag,4.0,7.0,klein,hoog,TRUE
laag,laag,4.0,7.0,medium,laag,FALSE
laag,laag,4.0,7.0,medium,medium,TRUE
laag,laag,4.0,7.0,medium,hoog,TRUE
laag,laag,4.0,7.0,groot,laag,FALSE
laag,laag,4.0,7.0,groot,medium,TRUE
laag,laag,4.0,7.0,groot,hoog,TRUE
laag,laag,5.0,2.0,klein,laag,FALSE
laag,laag,5.0,2.0,klein,medium,FALSE
laag,laag,5.0,2.0,klein,hoog,FALSE
laag,laag,5.0,2.0,medium,laag,FALSE
laag,laag,5.0,2.0,medium,medium,FALSE
laag,laag,5.0,2.0,medium,hoog,FALSE
laag,laag,5.0,2.0,groot,laag,FALSE
laag,laag,5.0,2.0,groot,medium,FALSE
laag,laag,5.0,2.0,groot,hoog,FALSE
laag,laag,5.0,4.0,klein,laag,FALSE
laag,laag,5.0,4.0,klein,medium,FALSE
laag,laag,5.0,4.0,klein,hoog,TRUE
laag,laag,5.0,4.0,medium,laag,FALSE
laag,laag,5.0,4.0,medium,medium,TRUE
laag,laag,5.0,4.0,medium,hoog,TRUE
laag,laag,5.0,4.0,groot,laag,FALSE
laag,laag,5.0,4.0,groot,medium,TRUE
laag,laag,5.0,4.0,groot,hoog,TRUE
laag,laag,5.0,7.0,klein,laag,FALSE
laag,laag,5.0,7.0,klein,medium,FALSE
laag,laag,5.0,7.0,klein,hoog,TRUE
laag,laag,5.0,7.0,medium,laag,FALSE
laag,laag,5.0,7.0,medium,medium,TRUE
laag,laag,5.0,7.0,medium,hoog,TRUE
laag,laag,5.0,7.0,groot,laag,FALSE
laag,laag,5.0,7.0,groot,medium,TRUE
laag,laag,5.0,7.0,groot,hoog,TRUE
