student,gehaald,specialisatie,gemiste_WC,vragen_stellen,interesse_ML,bestuderen_theorie,oefenen_WC,voorkennis,uren_bijbaan,totale_tijd
1,NEE,SE,twee,nooit,veel,3.2,3.6,5.5,3.1,6.8
2,JA,FICT,nul,,weinig,2.2,2.0,5.9,4.7,4.4
3,NEE,FICT,zes,veel,gemiddeld,0.9,0.9,6.0,4.7,2.3
4,JA,SE,twee,vaak,geen,3.6,4.1,7.2,5.5,8.5
5,JA,SE,zeven,gemiddeld,superveel,0.3,1.0,6.5,4.4,1.8
6,JA,IAT,nul,veel,veel,3.9,3.1,6.6,4.7,7.7
7,NEE,SE,zeven,vaak,veel,1.0,0.5,5.5,4.7,1.9
8,JA,BDAM,zeven,vaak,superveel,0.1,0.3,5.9,3.6,0.9
9,JA,IAT,een,gemiddeld,,4.3,3.7,6.3,4.7,8.9
10,NEE,IAT,zeven,veel,veel,0.6,1.1,5.9,6.8,2.0
11,NEE,SE,twee,gemiddeld,superveel,3.3,3.0,7.0,3.6,6.6
12,JA,IAT,twee,vaak,superveel,3.8,3.2,6.9,3.9,8.0
13,JA,SE,een,nooit,geen,4.0,4.2,6.3,3.7,8.6
14,JA,SE,drie,veel,weinig,3.0,2.6,5.6,5.1,6.2
15,NEE,IAT,twee,gemiddeld,geen,4.6,3.3,6.2,3.5,7.9
16,NEE,SE,een,veel,veel,4.0,2.5,6.1,4.2,6.6
17,JA,BDAM,vier,vaak,veel,2.7,1.6,5.6,2.7,5.2
18,NEE,BDAM,drie,veel,veel,2.1,2.5,5.9,4.7,4.8
19,JA,SE,nul,nooit,veel,4.4,4.9,6.6,5.4,10.0
20,JA,FICT,twee,weinig,veel,3.1,4.3,7.7,5.1,8.0
21,JA,BDAM,vijf,gemiddeld,gemiddeld,1.5,1.9,6.1,5.8,3.8
22,NEE,SE,vijf,veel,superveel,0.9,1.3,5.6,,2.3
23,NEE,IAT,twee,weinig,gemiddeld,3.2,3.4,7.2,5.1,6.8
24,JA,BDAM,drie,gemiddeld,geen,4.3,2.8,7.0,2.4,7.2
25,JA,BDAM,nul,gemiddeld,geen,4.5,5.5,6.6,3.5,10.3
26,NEE,IAT,zes,weinig,geen,0.4,0.6,5.6,4.7,1.1
27,JA,SE,nul,gemiddeld,weinig,4.8,5.2,5.8,2.7,10.3
28,JA,FICT,twee,weinig,geen,3.5,3.2,7.3,4.1,7.0
29,NEE,SE,zes,veel,geen,0.6,1.6,5.7,3.9,3.1
30,NEE,SE,drie,weinig,gemiddeld,2.6,2.4,6.5,3.6,5.3
31,JA,IAT,nul,vaak,gemiddeld,4.3,2.7,7.4,3.6,7.7
32,JA,IAT,twee,gemiddeld,weinig,3.9,3.7,6.7,4.1,8.5
33,JA,FICT,een,veel,gemiddeld,3.7,5.2,7.3,4.7,9.7
34,JA,IAT,drie,vaak,geen,4.1,2.6,6.3,2.4,6.8
35,JA,IAT,twee,vaak,weinig,4.1,4.3,7.0,4.7,8.5
36,JA,FICT,zeven,gemiddeld,gemiddeld,0.4,1.0,5.5,5.9,2.0
37,JA,FICT,drie,gemiddeld,veel,3.5,2.6,6.1,3.9,7.0
38,JA,SE,nul,gemiddeld,weinig,3.3,3.2,,3.3,7.0
39,JA,BDAM,nul,vaak,weinig,3.8,3.7,7.0,5.5,7.8
40,NEE,FICT,vier,weinig,superveel,2.5,2.7,5.6,2.4,6.0
41,NEE,FICT,vier,gemiddeld,geen,1.6,1.6,5.5,3.8,3.6
42,JA,IAT,zes,vaak,geen,0.6,0.9,5.9,4.0,2.0
43,JA,FICT,een,vaak,superveel,3.1,3.9,5.7,4.4,7.8
44,JA,IAT,drie,vaak,weinig,3.9,4.8,6.0,7.0,9.1
45,JA,SE,nul,nooit,gemiddeld,4.8,4.6,6.7,4.9,9.6
46,JA,IAT,vier,gemiddeld,superveel,4.0,3.2,6.5,3.6,8.0
47,NEE,BDAM,drie,weinig,weinig,3.5,2.9,6.2,4.0,6.6
48,JA,IAT,nul,weinig,gemiddeld,3.7,3.8,7.3,,8.3
49,JA,IAT,een,vaak,geen,4.4,3.8,6.6,5.2,8.5
50,JA,SE,twee,nooit,gemiddeld,4.2,3.3,6.4,3.1,8.5
51,JA,IAT,een,veel,geen,4.0,3.9,7.5,3.2,8.2
52,JA,SE,vier,nooit,superveel,2.1,1.6,5.8,4.8,4.0
53,JA,SE,nul,nooit,geen,5.1,4.6,7.0,4.7,10.5
54,JA,SE,nul,gemiddeld,gemiddeld,4.4,4.5,6.8,3.9,9.6
55,JA,SE,twee,gemiddeld,superveel,3.5,3.4,6.7,4.6,7.4
56,NEE,SE,drie,veel,geen,3.2,2.3,5.6,2.3,5.5
57,JA,IAT,een,vaak,gemiddeld,4.0,3.7,6.2,3.6,8.0
58,NEE,IAT,drie,weinig,geen,3.6,2.6,5.5,5.2,7.0
59,JA,SE,zeven,weinig,geen,0.5,0.2,6.1,4.2,0.9
60,NEE,SE,vier,gemiddeld,gemiddeld,2.1,3.1,5.6,5.4,5.9
61,JA,SE,een,weinig,weinig,4.7,4.2,6.4,6.4,9.7
62,JA,SE,nul,nooit,veel,4.2,5.1,7.3,3.0,10.2
63,NEE,SE,zeven,nooit,geen,0.8,0.2,5.6,4.0,1.6
64,JA,SE,nul,vaak,gemiddeld,4.0,4.6,6.5,5.9,9.4
65,JA,IAT,nul,nooit,veel,4.3,4.5,6.6,4.2,9.8
66,JA,FICT,nul,veel,veel,4.0,4.0,6.9,4.7,8.1
67,NEE,BDAM,vijf,weinig,veel,1.0,1.6,6.1,5.2,3.1
68,JA,SE,nul,nooit,superveel,3.8,3.4,6.7,4.5,8.0
69,NEE,BDAM,zes,weinig,gemiddeld,0.3,0.2,5.6,3.4,0.8
70,JA,SE,nul,weinig,superveel,5.0,4.5,7.1,4.5,9.8
71,NEE,SE,zeven,veel,geen,0.0,1.0,5.9,4.5,1.4
72,JA,FICT,twee,weinig,superveel,4.0,3.8,8.5,4.6,7.9
73,NEE,IAT,vier,vaak,superveel,2.3,1.4,6.4,4.4,4.0
74,JA,BDAM,vier,vaak,weinig,1.7,2.3,6.1,1.7,4.0
75,NEE,IAT,vijf,weinig,weinig,0.5,0.5,5.7,3.6,1.1
76,JA,SE,nul,vaak,veel,4.2,4.2,6.6,3.3,8.5
77,JA,SE,nul,gemiddeld,superveel,4.5,3.8,6.5,5.3,8.9
78,JA,SE,nul,veel,superveel,3.3,3.1,6.1,4.2,7.3
79,NEE,SE,zeven,veel,gemiddeld,0.2,0.8,5.6,3.5,1.6
80,JA,FICT,een,veel,gemiddeld,4.1,2.9,6.2,3.6,7.3
81,NEE,SE,zeven,weinig,weinig,0.0,1.8,6.0,4.4,
82,JA,SE,nul,gemiddeld,geen,5.6,5.5,6.9,4.9,11.4
83,JA,BDAM,een,veel,superveel,5.0,4.7,6.1,3.6,9.7
84,JA,SE,twee,veel,gemiddeld,3.9,4.0,6.4,4.9,7.9
85,JA,IAT,zes,vaak,veel,0.5,0.2,5.6,3.7,1.1
86,NEE,SE,vijf,weinig,geen,0.8,0.0,5.6,,1.5
87,JA,SE,vijf,gemiddeld,weinig,1.3,1.1,,4.6,3.1
88,JA,SE,nul,nooit,gemiddeld,4.3,4.3,7.2,4.0,8.9
89,NEE,BDAM,vier,veel,weinig,1.7,1.8,6.2,2.9,4.3
90,JA,IAT,nul,weinig,geen,3.1,2.2,5.7,5.9,6.1
91,JA,IAT,nul,weinig,gemiddeld,4.8,3.6,6.4,6.1,9.3
92,NEE,SE,vijf,nooit,gemiddeld,0.3,1.2,6.1,4.3,2.3
93,JA,SE,vier,gemiddeld,gemiddeld,2.3,1.6,5.5,3.2,4.3
94,JA,FICT,twee,nooit,geen,3.6,2.1,7.5,5.5,6.3
95,JA,FICT,nul,nooit,geen,3.5,3.0,7.2,5.0,6.9
96,JA,SE,nul,weinig,gemiddeld,3.8,3.1,5.7,4.0,7.0
97,JA,FICT,twee,nooit,superveel,3.2,3.3,6.5,4.8,7.4
98,JA,FICT,een,gemiddeld,superveel,3.9,4.7,7.0,6.2,8.9
99,JA,SE,zeven,nooit,veel,1.0,0.3,5.5,3.6,1.6
100,JA,BDAM,nul,gemiddeld,veel,3.7,3.7,6.4,3.8,7.6
101,JA,BDAM,vijf,weinig,gemiddeld,2.4,1.2,5.5,5.0,3.6
102,JA,FICT,nul,veel,superveel,3.6,3.9,7.7,4.6,7.6
103,NEE,SE,vijf,veel,veel,2.1,1.5,5.8,4.9,3.7
104,NEE,SE,zeven,nooit,weinig,1.1,0.8,6.2,4.5,2.3
105,NEE,BDAM,zeven,vaak,gemiddeld,0.5,0.3,5.7,3.8,1.8
106,JA,FICT,vier,gemiddeld,weinig,3.6,2.8,7.0,3.0,7.2
107,JA,SE,nul,weinig,superveel,4.9,4.3,7.2,4.5,10.0
108,NEE,IAT,vier,weinig,veel,2.7,2.2,6.0,5.6,5.8
109,NEE,SE,nul,gemiddeld,gemiddeld,2.0,2.2,5.5,3.5,4.6
110,NEE,SE,zeven,gemiddeld,veel,1.1,0.8,5.9,3.1,2.0
111,NEE,SE,vier,veel,superveel,2.6,2.4,5.6,3.6,5.9
112,NEE,FICT,drie,weinig,veel,3.6,2.7,5.6,2.9,7.0
113,NEE,SE,zeven,nooit,superveel,0.4,1.1,6.4,5.2,
114,NEE,SE,nul,gemiddeld,veel,3.6,2.9,7.2,4.0,6.6
115,JA,FICT,een,nooit,gemiddeld,4.1,4.2,7.3,2.5,8.8
116,NEE,SE,zes,nooit,weinig,0.9,0.7,6.0,4.3,2.5
117,NEE,BDAM,zes,nooit,gemiddeld,0.9,0.8,6.4,4.2,2.6
118,NEE,SE,zes,vaak,veel,0.2,0.3,5.7,3.9,0.9
119,NEE,SE,een,vaak,weinig,2.1,2.1,5.6,3.3,5.2
120,JA,IAT,nul,vaak,superveel,4.0,4.4,6.1,4.5,8.5
121,JA,BDAM,drie,gemiddeld,weinig,3.5,3.4,7.0,2.2,7.7
122,NEE,SE,twee,veel,veel,2.7,3.1,7.6,3.5,6.8
123,JA,BDAM,twee,vaak,superveel,3.0,2.9,5.6,3.0,6.3
124,JA,SE,nul,weinig,superveel,3.7,4.0,6.7,4.5,8.4
125,JA,BDAM,een,weinig,gemiddeld,4.1,4.9,6.6,4.0,9.8
126,JA,BDAM,zeven,nooit,veel,0.1,0.0,6.3,2.9,0.2
127,JA,IAT,nul,nooit,gemiddeld,5.8,4.7,6.5,4.0,10.7
128,JA,SE,vier,gemiddeld,weinig,2.4,1.6,5.6,4.3,4.8
129,JA,FICT,drie,vaak,superveel,4.8,4.7,,4.7,9.6
130,JA,SE,zeven,veel,veel,0.7,0.7,6.4,4.5,1.5
131,NEE,SE,vijf,vaak,superveel,1.7,2.4,5.5,1.3,4.2
132,NEE,BDAM,drie,veel,superveel,2.5,3.4,6.1,5.0,6.0
133,JA,IAT,een,nooit,veel,3.3,3.6,6.9,5.1,7.8
134,NEE,IAT,nul,nooit,geen,1.6,1.4,6.2,4.8,3.9
135,NEE,SE,drie,nooit,veel,3.1,3.4,7.0,5.4,7.2
136,JA,IAT,twee,weinig,weinig,3.7,3.6,7.0,5.5,8.2
137,JA,SE,drie,veel,veel,3.1,2.5,5.6,3.6,5.9
138,NEE,IAT,drie,,gemiddeld,1.9,2.6,6.0,5.0,4.9
139,JA,BDAM,zeven,gemiddeld,superveel,0.4,0.7,5.6,3.3,1.8
140,JA,BDAM,een,veel,gemiddeld,3.8,3.8,6.8,4.6,8.2
141,JA,FICT,nul,nooit,gemiddeld,3.8,4.1,6.6,4.0,8.3
142,JA,BDAM,een,vaak,veel,3.6,3.6,7.1,4.0,7.6
143,NEE,FICT,vijf,vaak,superveel,2.7,3.3,5.9,4.0,6.8
144,NEE,SE,drie,weinig,gemiddeld,2.7,3.1,6.2,2.9,6.4
145,JA,SE,een,gemiddeld,superveel,4.5,4.4,6.6,,9.9
146,NEE,FICT,drie,vaak,gemiddeld,2.2,3.2,6.8,3.5,6.0
147,JA,SE,vier,weinig,weinig,1.5,1.5,5.5,3.1,3.3
148,JA,FICT,zeven,nooit,weinig,0.1,1.0,6.0,5.0,1.2
149,NEE,SE,nul,vaak,geen,2.7,3.0,5.6,4.0,6.1
150,JA,SE,een,vaak,weinig,3.1,2.8,6.7,2.9,5.9
151,JA,SE,nul,veel,gemiddeld,4.4,2.5,6.6,3.5,7.5
152,JA,IAT,een,veel,superveel,4.1,3.5,6.5,3.9,7.7
153,JA,SE,een,weinig,veel,4.8,3.5,7.2,4.1,8.6
154,JA,FICT,een,vaak,gemiddeld,3.8,3.4,6.6,,7.9
155,JA,BDAM,zeven,veel,superveel,0.9,0.5,6.4,3.4,1.9
156,JA,IAT,vier,vaak,gemiddeld,2.8,4.2,6.7,3.4,7.5
157,JA,SE,drie,gemiddeld,gemiddeld,3.9,3.0,7.1,4.5,7.5
158,JA,SE,een,gemiddeld,gemiddeld,3.9,3.4,7.2,3.4,8.2
159,JA,SE,nul,gemiddeld,gemiddeld,3.4,3.4,6.2,3.5,6.9
160,JA,FICT,,vaak,superveel,4.0,2.7,6.4,3.6,7.4
161,JA,BDAM,vier,weinig,superveel,2.7,3.7,6.8,3.3,7.2
162,NEE,BDAM,twee,veel,veel,3.0,3.4,6.6,3.5,7.2
163,JA,SE,een,veel,geen,3.0,3.3,6.7,3.2,6.7
164,JA,FICT,drie,veel,veel,4.1,4.7,6.7,3.1,9.0
165,NEE,BDAM,vijf,veel,geen,2.1,1.6,5.5,3.3,4.5
166,JA,SE,twee,weinig,veel,3.2,4.6,6.5,3.3,8.1
167,NEE,SE,drie,weinig,geen,2.6,2.3,6.4,4.8,
168,JA,FICT,twee,nooit,superveel,3.8,3.5,6.5,4.6,7.6
169,NEE,FICT,een,veel,veel,4.7,4.5,6.3,3.5,9.8
170,JA,FICT,twee,vaak,geen,3.2,3.7,6.6,4.4,7.6
171,JA,IAT,vier,vaak,gemiddeld,1.7,1.1,6.1,5.7,3.5
172,JA,BDAM,zeven,veel,gemiddeld,0.5,0.1,5.5,4.6,1.2
173,NEE,IAT,zes,veel,geen,,0.0,5.6,3.6,0.5
174,NEE,FICT,vier,veel,superveel,3.2,3.3,6.0,6.4,6.7
175,NEE,SE,,nooit,veel,1.0,0.0,5.5,4.5,1.9
176,NEE,BDAM,zeven,gemiddeld,weinig,0.6,0.3,5.7,3.5,1.6
177,NEE,FICT,vijf,weinig,superveel,2.2,2.6,5.6,2.8,5.2
178,JA,IAT,nul,weinig,veel,4.0,4.4,7.4,4.3,9.3
179,JA,IAT,een,gemiddeld,superveel,4.0,4.3,6.3,2.4,8.4
180,JA,BDAM,zeven,vaak,gemiddeld,0.4,0.6,6.6,5.2,1.8
181,NEE,SE,zeven,nooit,weinig,0.7,0.0,6.0,,0.9
182,NEE,SE,nul,nooit,gemiddeld,2.5,3.4,7.0,,6.4
183,JA,BDAM,zes,veel,weinig,1.0,1.0,6.3,4.7,2.5
184,JA,SE,twee,weinig,veel,3.0,4.5,6.1,4.0,8.5
185,JA,BDAM,nul,weinig,veel,3.3,4.2,6.7,3.0,8.0
186,NEE,FICT,zeven,,superveel,0.0,0.1,5.5,5.0,0.8
187,JA,IAT,nul,nooit,superveel,4.6,4.7,6.5,4.0,10.2
188,JA,IAT,nul,gemiddeld,gemiddeld,3.6,2.9,5.7,4.0,7.4
189,JA,FICT,twee,nooit,gemiddeld,3.8,3.9,6.4,3.4,8.6
190,JA,SE,een,nooit,veel,4.2,4.8,6.2,4.9,10.0
191,JA,SE,een,gemiddeld,superveel,3.5,4.5,6.6,5.4,8.1
192,JA,SE,zeven,veel,veel,0.7,0.0,5.6,5.0,0.9
193,NEE,SE,twee,weinig,superveel,2.8,2.7,5.5,4.0,6.2
194,JA,FICT,vier,gemiddeld,veel,3.0,3.0,5.6,3.0,6.9
195,JA,BDAM,drie,nooit,gemiddeld,4.0,3.6,6.2,3.7,8.0
196,JA,IAT,een,vaak,superveel,4.4,4.0,6.0,4.2,8.4
197,NEE,SE,zes,vaak,weinig,0.1,0.0,5.9,5.2,0.8
198,NEE,SE,vier,veel,weinig,1.1,1.2,6.6,3.9,2.8
199,JA,IAT,een,veel,weinig,4.2,3.5,7.1,3.9,7.9
200,JA,SE,nul,nooit,veel,3.9,3.3,6.5,5.2,8.1
201,JA,IAT,een,nooit,weinig,5.0,5.2,6.9,3.8,11.2
202,JA,IAT,een,vaak,superveel,3.6,3.4,6.8,5.7,7.6
203,JA,FICT,nul,nooit,superveel,4.8,5.0,6.8,5.3,10.5
204,JA,BDAM,drie,weinig,veel,3.6,3.8,7.1,3.4,7.9
205,JA,SE,drie,weinig,gemiddeld,3.9,3.3,6.6,4.6,7.5
206,JA,FICT,twee,weinig,superveel,4.2,4.3,6.9,4.0,9.4
207,NEE,SE,nul,nooit,weinig,5.3,3.5,6.1,3.4,9.3
208,NEE,SE,drie,veel,superveel,2.6,2.5,6.5,3.8,5.2
209,NEE,BDAM,vier,weinig,veel,3.0,3.1,5.5,,6.8
210,NEE,SE,twee,veel,superveel,2.5,2.4,7.5,4.1,5.2
211,JA,SE,twee,weinig,weinig,3.7,3.4,6.6,2.5,8.0
212,JA,BDAM,een,gemiddeld,weinig,4.6,3.2,6.3,6.0,8.1
213,NEE,SE,zeven,vaak,superveel,0.0,0.4,5.6,4.9,1.0
214,NEE,SE,vijf,weinig,gemiddeld,0.6,1.8,5.5,4.6,3.3
215,JA,SE,een,veel,gemiddeld,4.6,4.6,6.3,3.6,9.5
216,JA,SE,nul,vaak,veel,4.5,3.5,6.9,2.3,8.1
217,JA,SE,een,vaak,superveel,5.0,4.4,8.0,3.8,10.3
218,JA,SE,een,gemiddeld,gemiddeld,4.4,4.2,6.5,4.1,9.0
219,JA,SE,nul,gemiddeld,gemiddeld,3.4,4.6,6.8,3.9,8.9
220,NEE,SE,zes,vaak,geen,0.3,0.6,6.4,3.6,1.1
221,JA,SE,een,veel,veel,4.5,3.7,6.0,3.7,8.6
222,JA,IAT,nul,gemiddeld,gemiddeld,5.2,4.3,7.2,3.9,9.7
223,JA,FICT,twee,vaak,gemiddeld,4.3,4.4,6.7,4.2,9.5
224,JA,FICT,een,vaak,gemiddeld,3.3,3.3,7.9,3.6,6.9
225,NEE,BDAM,drie,nooit,veel,2.1,2.2,5.6,4.1,4.4
226,JA,FICT,nul,nooit,superveel,3.7,3.3,5.9,4.8,8.0
227,JA,SE,een,gemiddeld,gemiddeld,4.3,3.9,6.5,4.7,8.5
228,NEE,FICT,nul,weinig,superveel,2.8,2.5,7.0,3.9,6.0
229,JA,SE,twee,nooit,superveel,3.9,3.7,7.9,3.4,7.7
230,NEE,IAT,vijf,gemiddeld,weinig,0.2,0.8,5.6,5.0,1.3
231,JA,IAT,,gemiddeld,superveel,4.7,4.3,6.0,5.7,9.8
232,NEE,IAT,vier,weinig,gemiddeld,1.9,2.8,5.6,4.9,5.6
233,JA,FICT,vier,gemiddeld,superveel,2.5,2.3,5.9,4.1,5.0
234,JA,FICT,nul,gemiddeld,gemiddeld,2.9,3.7,5.8,,7.6
235,JA,FICT,twee,veel,veel,4.5,3.5,7.8,4.0,8.6
236,JA,IAT,nul,gemiddeld,geen,4.6,4.9,6.4,4.4,10.1
237,JA,IAT,een,nooit,veel,5.0,5.7,6.6,4.2,10.8
238,NEE,FICT,vijf,weinig,veel,1.9,2.1,6.4,4.3,4.5
239,JA,SE,een,gemiddeld,weinig,4.3,3.8,6.5,5.1,9.0
240,JA,BDAM,een,weinig,gemiddeld,2.3,2.4,5.5,2.0,5.2
241,NEE,FICT,drie,gemiddeld,gemiddeld,2.7,3.5,6.3,3.1,6.3
242,NEE,BDAM,vier,nooit,weinig,1.0,1.8,5.6,4.1,3.6
243,JA,IAT,een,weinig,superveel,3.4,3.0,6.2,5.4,7.3
244,JA,SE,drie,veel,superveel,2.7,3.1,7.4,4.6,6.7
245,NEE,IAT,vijf,veel,gemiddeld,2.3,1.7,5.8,,4.7
246,NEE,BDAM,vier,weinig,weinig,1.4,0.8,5.6,5.0,2.4
247,JA,SE,een,vaak,gemiddeld,4.4,3.5,6.8,,8.7
248,NEE,IAT,vier,nooit,veel,2.5,2.4,6.0,3.8,5.0
249,NEE,SE,drie,weinig,veel,3.2,2.9,7.1,3.0,6.9
250,NEE,SE,twee,gemiddeld,weinig,2.6,3.1,6.8,3.4,5.7
251,NEE,SE,twee,nooit,weinig,3.0,4.4,6.4,4.3,8.0
252,JA,BDAM,vier,weinig,weinig,1.9,2.4,5.5,4.3,5.1
253,NEE,IAT,zeven,nooit,weinig,0.8,0.4,5.7,4.1,1.8
254,JA,BDAM,een,vaak,weinig,4.1,4.2,7.0,3.8,8.6
255,NEE,IAT,drie,weinig,gemiddeld,3.0,3.0,6.1,5.2,6.7
256,JA,SE,twee,vaak,weinig,2.8,3.1,6.7,4.4,6.1
257,JA,FICT,nul,gemiddeld,veel,4.4,4.5,7.6,2.9,9.2
258,JA,SE,een,vaak,veel,5.3,3.7,7.8,6.2,9.0
259,NEE,IAT,nul,weinig,geen,5.4,4.7,6.7,4.1,10.8
260,JA,FICT,twee,vaak,superveel,3.8,4.4,6.7,4.7,9.1
261,NEE,IAT,vier,nooit,veel,2.7,2.8,6.1,3.4,6.2
262,NEE,IAT,drie,nooit,geen,2.1,3.4,6.6,2.9,5.6
263,JA,SE,drie,weinig,superveel,4.5,3.4,6.8,3.3,8.7
264,NEE,SE,vier,nooit,geen,2.1,2.0,6.2,4.4,5.1
265,JA,BDAM,twee,veel,weinig,2.7,3.4,6.0,4.1,6.7
266,NEE,SE,zes,veel,superveel,1.4,1.5,5.5,3.6,3.5
267,NEE,SE,drie,veel,veel,2.3,1.8,6.2,3.3,4.5
268,JA,SE,twee,vaak,geen,3.8,4.4,5.7,4.3,8.4
269,JA,IAT,zeven,gemiddeld,veel,0.0,0.5,6.0,,0.7
270,JA,BDAM,een,vaak,veel,3.3,4.6,6.8,3.8,8.5
271,JA,SE,een,vaak,weinig,4.0,3.9,6.4,,8.5
272,NEE,SE,vier,weinig,veel,2.8,3.0,6.7,4.5,5.9
273,JA,BDAM,,veel,geen,3.5,3.5,5.8,2.4,7.7
274,JA,IAT,nul,weinig,veel,5.3,3.5,6.3,4.7,9.6
275,NEE,FICT,vier,weinig,gemiddeld,2.2,2.6,5.8,3.8,5.4
276,JA,SE,twee,gemiddeld,gemiddeld,3.7,4.6,6.6,4.6,8.7
277,JA,BDAM,twee,gemiddeld,gemiddeld,3.2,4.4,7.2,3.7,8.5
278,JA,SE,twee,nooit,,3.8,3.2,6.8,4.4,8.0
279,JA,FICT,nul,gemiddeld,geen,5.1,4.5,6.6,3.0,10.2
280,JA,FICT,vijf,gemiddeld,gemiddeld,1.7,1.6,5.7,3.8,4.3
281,JA,SE,vier,veel,gemiddeld,2.8,2.4,6.0,2.7,5.5
282,JA,SE,nul,weinig,superveel,4.5,4.7,7.7,4.5,9.7
283,NEE,BDAM,een,weinig,geen,3.0,2.7,6.8,4.7,6.3
284,NEE,SE,drie,vaak,superveel,3.2,2.5,7.4,6.0,6.1
285,JA,SE,drie,gemiddeld,,2.9,4.1,6.3,5.3,7.5
286,JA,SE,een,vaak,veel,4.3,4.4,7.3,3.8,9.2
287,NEE,FICT,vijf,vaak,weinig,1.9,1.6,5.6,4.1,4.5
288,JA,SE,nul,vaak,superveel,4.2,3.6,6.7,3.1,8.4
289,JA,SE,,gemiddeld,weinig,3.0,2.5,5.6,3.9,5.8
290,JA,SE,een,veel,gemiddeld,3.5,3.1,6.7,2.6,6.7
291,JA,SE,drie,weinig,weinig,3.8,3.2,7.1,4.7,
292,JA,SE,een,vaak,geen,4.2,,6.6,5.5,9.4
293,NEE,FICT,vier,vaak,gemiddeld,2.5,2.6,5.9,3.9,5.8
294,NEE,BDAM,zes,nooit,veel,1.1,0.5,5.6,2.6,1.8
295,JA,IAT,een,nooit,geen,3.3,4.0,5.9,,8.0
296,NEE,SE,vier,weinig,superveel,2.2,3.0,6.7,3.0,5.4
297,NEE,FICT,vier,weinig,gemiddeld,2.1,2.8,6.2,3.4,5.2
298,JA,SE,zeven,vaak,geen,,0.7,6.0,3.9,1.3
299,JA,BDAM,nul,weinig,weinig,4.1,4.1,7.0,3.4,8.9
300,JA,SE,drie,vaak,superveel,4.3,2.6,6.4,5.0,7.5
301,NEE,IAT,vijf,veel,weinig,0.8,1.2,5.9,4.1,2.9
302,JA,SE,een,veel,veel,3.6,3.0,,3.2,6.6
303,JA,FICT,een,veel,superveel,4.2,3.6,6.6,5.2,8.8
304,NEE,FICT,zeven,veel,geen,0.1,0.1,5.6,4.9,0.4
305,NEE,SE,vier,weinig,weinig,2.9,2.2,5.6,3.7,5.3
306,JA,IAT,nul,gemiddeld,superveel,,5.2,6.3,3.8,10.0
307,JA,FICT,nul,veel,geen,4.0,4.2,6.9,3.2,8.5
308,JA,IAT,een,vaak,geen,4.1,3.3,7.4,5.6,7.8
309,JA,IAT,nul,nooit,geen,3.8,3.2,6.4,5.3,7.3
310,NEE,FICT,vier,vaak,gemiddeld,2.4,2.1,5.5,3.5,4.8
311,JA,BDAM,twee,vaak,weinig,,3.6,6.3,,8.3
312,JA,BDAM,een,weinig,gemiddeld,3.9,2.8,6.9,,7.6
313,NEE,SE,vijf,gemiddeld,weinig,2.7,1.8,5.5,4.8,5.2
314,NEE,FICT,zeven,weinig,gemiddeld,0.7,0.9,6.5,4.0,2.0
315,JA,SE,nul,gemiddeld,geen,4.1,2.9,6.1,3.0,8.0
316,JA,SE,een,vaak,superveel,4.5,4.5,7.4,4.5,9.1
317,JA,FICT,drie,nooit,superveel,3.2,3.4,6.9,3.3,7.3
318,JA,BDAM,vier,veel,gemiddeld,3.5,3.6,6.8,4.5,7.9
319,JA,BDAM,nul,gemiddeld,superveel,5.3,4.3,5.7,2.5,10.4
320,JA,BDAM,nul,,gemiddeld,4.8,4.4,6.7,4.0,9.5
321,NEE,BDAM,een,vaak,gemiddeld,3.7,4.7,7.1,3.7,8.9
322,JA,IAT,twee,gemiddeld,geen,3.3,3.6,7.7,3.6,7.6
323,NEE,SE,drie,vaak,weinig,3.0,3.4,7.1,5.0,6.4
324,JA,IAT,drie,weinig,veel,3.3,3.4,6.9,3.5,6.9
325,NEE,IAT,vijf,gemiddeld,superveel,2.0,2.2,5.5,5.5,4.4
326,JA,IAT,twee,vaak,superveel,4.3,4.0,6.6,3.9,9.3
327,JA,SE,twee,nooit,gemiddeld,3.9,4.2,7.1,3.5,8.3
328,JA,BDAM,nul,weinig,weinig,3.0,3.8,5.6,2.7,7.3
329,NEE,IAT,twee,nooit,superveel,3.4,2.9,7.1,3.6,6.6
330,NEE,FICT,nul,gemiddeld,superveel,3.3,2.6,7.1,5.5,5.9
331,NEE,FICT,nul,weinig,veel,3.3,3.0,6.8,2.5,7.2
332,JA,IAT,een,veel,geen,3.5,4.7,6.1,3.5,8.7
333,JA,IAT,een,nooit,gemiddeld,4.6,4.1,5.9,5.0,9.3
334,JA,SE,een,gemiddeld,weinig,3.5,3.3,7.3,3.8,7.5
335,JA,SE,nul,nooit,superveel,4.1,3.6,6.5,,7.9
336,NEE,SE,zeven,vaak,veel,0.7,0.9,6.0,2.7,1.9
337,NEE,SE,vier,nooit,weinig,2.9,2.7,5.6,0.7,5.8
338,NEE,BDAM,vijf,nooit,superveel,1.8,2.2,5.6,3.1,4.8
339,JA,BDAM,een,weinig,veel,3.8,4.1,6.4,5.6,8.2
340,JA,SE,twee,nooit,weinig,3.2,2.5,6.8,5.0,6.5
341,NEE,IAT,een,vaak,geen,2.8,2.9,7.5,4.3,6.4
342,NEE,SE,zes,gemiddeld,geen,0.0,0.7,5.5,3.4,0.9
343,NEE,FICT,drie,veel,gemiddeld,4.1,4.1,6.3,2.6,9.0
344,JA,SE,twee,weinig,geen,3.2,2.7,6.5,5.2,6.6
345,JA,FICT,drie,weinig,veel,2.7,4.4,7.1,3.0,7.5
346,JA,SE,twee,gemiddeld,weinig,3.9,3.6,6.5,4.0,7.8
347,NEE,SE,drie,gemiddeld,gemiddeld,1.9,2.1,6.0,2.8,4.7
348,JA,BDAM,een,veel,geen,3.0,3.9,6.8,4.8,7.2
349,JA,SE,drie,weinig,veel,4.0,4.0,5.6,4.1,8.7
350,NEE,IAT,drie,vaak,superveel,3.1,2.7,6.4,4.1,6.0
351,JA,BDAM,nul,gemiddeld,weinig,3.0,3.8,5.6,4.3,7.6
352,NEE,SE,twee,nooit,weinig,3.5,2.7,7.3,4.0,6.8
353,JA,SE,drie,weinig,weinig,3.9,4.8,6.7,4.7,8.8
354,JA,SE,zeven,gemiddeld,geen,0.6,0.4,5.5,3.1,1.0
355,JA,BDAM,een,gemiddeld,weinig,4.3,3.8,7.0,3.6,8.6
356,JA,SE,een,veel,weinig,4.0,4.0,6.1,,8.8
357,NEE,FICT,zeven,weinig,veel,0.0,0.5,5.6,4.8,1.1
358,JA,SE,drie,weinig,gemiddeld,2.5,2.7,5.7,2.1,6.0
359,JA,BDAM,vijf,vaak,veel,2.3,1.6,5.6,4.2,3.9
360,JA,SE,een,weinig,weinig,4.2,4.7,6.8,3.3,9.2
361,JA,IAT,drie,gemiddeld,superveel,3.2,2.3,5.6,4.5,6.3
362,JA,SE,vier,nooit,gemiddeld,3.8,2.8,6.9,5.0,7.5
363,JA,FICT,drie,vaak,superveel,3.8,3.9,6.7,3.7,8.7
364,NEE,SE,drie,weinig,geen,3.1,2.8,5.5,4.9,6.4
365,NEE,FICT,drie,weinig,weinig,2.5,3.1,5.9,3.3,6.6
366,NEE,BDAM,zes,gemiddeld,gemiddeld,0.7,0.1,5.6,4.5,0.9
367,JA,BDAM,zeven,gemiddeld,gemiddeld,0.5,0.6,6.0,4.1,1.8
368,JA,SE,twee,gemiddeld,superveel,4.4,3.0,6.5,3.9,7.5
369,NEE,BDAM,zeven,nooit,veel,1.2,0.6,5.6,2.8,2.1
370,JA,BDAM,drie,nooit,superveel,4.1,5.9,5.6,2.9,10.1
371,JA,SE,drie,weinig,gemiddeld,4.2,4.1,7.6,3.8,8.6
372,JA,BDAM,nul,vaak,superveel,3.9,4.5,7.3,4.8,8.5
373,JA,FICT,twee,nooit,weinig,4.7,3.5,6.3,4.8,8.5
374,NEE,BDAM,zeven,weinig,geen,0.0,0.3,5.6,4.5,0.5
375,JA,IAT,nul,vaak,weinig,2.3,3.6,7.1,4.2,6.6
376,NEE,BDAM,een,gemiddeld,geen,3.0,2.7,6.6,6.5,6.2
377,NEE,IAT,vijf,veel,superveel,1.2,2.2,5.7,1.3,4.0
378,JA,SE,vier,vaak,geen,3.2,2.1,5.5,2.5,5.5
379,NEE,BDAM,zeven,weinig,veel,0.6,0.1,5.7,3.9,0.8
380,JA,SE,een,veel,gemiddeld,3.3,4.0,6.8,3.7,8.1
381,JA,SE,een,weinig,gemiddeld,4.3,3.0,7.6,5.0,7.5
382,JA,IAT,drie,veel,geen,3.5,3.3,6.8,3.9,6.9
383,NEE,SE,zes,weinig,superveel,2.0,2.0,5.7,3.6,4.1
384,JA,FICT,twee,veel,superveel,3.2,2.0,5.5,4.8,6.1
385,NEE,SE,vijf,weinig,superveel,1.0,2.0,5.5,3.7,3.2
386,JA,IAT,nul,veel,geen,4.0,4.1,6.4,5.1,8.3
387,NEE,SE,drie,veel,weinig,3.3,2.1,5.7,3.2,5.8
388,JA,BDAM,drie,nooit,superveel,3.5,3.3,6.6,4.1,6.8
389,JA,SE,twee,vaak,geen,3.1,4.2,6.6,2.4,7.4
390,JA,SE,nul,weinig,geen,3.9,3.4,5.5,3.3,7.8
391,JA,FICT,vijf,nooit,weinig,2.3,2.3,5.6,3.3,5.4
392,JA,BDAM,nul,weinig,weinig,4.7,4.1,6.4,3.4,9.7
393,NEE,BDAM,vijf,veel,weinig,0.4,0.1,6.2,4.3,0.9
394,NEE,BDAM,drie,weinig,superveel,3.8,3.8,6.5,3.1,7.8
395,NEE,FICT,drie,veel,geen,2.9,2.6,5.7,2.8,6.1
396,NEE,FICT,drie,weinig,weinig,2.4,3.7,5.9,2.8,6.4
397,NEE,FICT,nul,vaak,veel,3.4,2.7,6.9,3.4,6.3
398,NEE,BDAM,een,veel,weinig,4.1,3.5,6.9,3.6,8.5
399,JA,BDAM,nul,weinig,superveel,3.7,3.6,6.6,5.5,8.2
400,NEE,BDAM,vijf,vaak,veel,1.4,1.0,5.8,3.9,2.6
401,JA,FICT,een,nooit,veel,4.1,3.6,6.9,2.7,8.6
402,NEE,BDAM,drie,veel,geen,3.5,2.5,7.5,1.5,6.7
403,JA,SE,vijf,gemiddeld,geen,0.9,1.5,5.8,5.5,3.1
404,NEE,BDAM,vijf,nooit,veel,2.0,2.0,5.6,3.5,4.4
405,JA,SE,vier,weinig,veel,2.8,3.3,6.4,4.9,6.4
406,JA,BDAM,een,weinig,geen,4.5,3.5,7.4,4.8,8.3
407,NEE,SE,drie,veel,geen,3.8,2.4,5.5,4.6,7.2
408,JA,SE,drie,veel,geen,2.6,2.6,6.4,4.7,5.8
409,JA,SE,nul,gemiddeld,weinig,3.9,3.4,7.3,1.5,7.7
410,JA,IAT,nul,gemiddeld,gemiddeld,3.9,3.8,7.0,3.1,7.8
411,NEE,BDAM,zeven,nooit,gemiddeld,0.2,0.6,5.7,5.9,1.7
412,JA,FICT,nul,weinig,superveel,4.4,5.5,6.9,4.0,10.8
413,JA,SE,drie,nooit,geen,3.5,3.5,6.1,3.4,7.8
414,NEE,SE,vier,vaak,superveel,1.9,1.9,5.6,3.7,4.4
415,JA,SE,nul,vaak,veel,4.9,5.4,6.5,4.1,10.6
416,NEE,SE,zeven,vaak,geen,0.2,1.0,6.2,4.8,1.6
417,JA,SE,nul,nooit,geen,4.6,4.2,7.0,5.5,8.8
418,JA,FICT,een,nooit,gemiddeld,4.0,3.6,6.3,5.7,8.5
419,NEE,IAT,twee,vaak,geen,3.2,2.5,6.6,4.5,6.3
420,JA,IAT,twee,nooit,geen,4.7,3.4,6.4,5.3,8.5
421,NEE,FICT,zes,nooit,weinig,0.6,0.6,5.6,2.5,1.2
422,JA,FICT,twee,gemiddeld,veel,4.0,4.7,7.0,3.5,9.0
423,NEE,BDAM,drie,weinig,weinig,2.6,3.3,5.5,3.6,6.2
424,JA,SE,een,nooit,superveel,4.8,3.7,6.7,3.9,8.7
425,JA,SE,nul,veel,superveel,3.7,4.3,7.1,2.8,8.9
426,NEE,SE,zeven,vaak,gemiddeld,0.3,0.0,5.8,4.7,1.1
427,NEE,BDAM,twee,weinig,geen,2.4,2.9,5.5,4.3,5.6
428,JA,SE,nul,vaak,veel,4.7,4.7,6.5,3.6,10.3
429,JA,FICT,drie,weinig,veel,3.8,4.2,6.3,3.7,8.8
430,JA,IAT,nul,weinig,geen,4.5,5.2,6.6,3.5,10.6
431,NEE,SE,nul,gemiddeld,veel,5.8,5.5,6.0,4.0,11.9
432,JA,SE,twee,weinig,weinig,4.4,3.2,6.6,5.2,8.5
433,JA,BDAM,zeven,gemiddeld,weinig,0.9,0.0,6.3,4.3,1.8
434,NEE,FICT,nul,vaak,weinig,3.7,2.8,7.1,2.9,6.8
435,NEE,SE,drie,weinig,superveel,1.4,2.6,5.6,3.4,4.3
436,JA,FICT,vijf,vaak,geen,1.8,1.7,6.3,,4.4
437,JA,IAT,twee,veel,geen,,4.0,6.3,5.7,7.0
438,NEE,SE,twee,gemiddeld,veel,2.8,3.7,6.9,4.8,7.5
439,JA,SE,twee,weinig,superveel,3.5,3.4,6.2,3.8,7.1
440,NEE,BDAM,zes,vaak,weinig,1.6,1.7,5.6,2.6,4.2
441,NEE,IAT,drie,nooit,veel,2.2,2.8,6.3,4.8,5.6
442,JA,SE,drie,weinig,gemiddeld,3.7,3.8,5.6,5.4,8.1
443,JA,BDAM,vijf,veel,geen,1.5,1.7,5.6,4.0,
444,JA,BDAM,zes,weinig,superveel,0.8,0.4,6.1,3.1,1.6
445,NEE,SE,drie,gemiddeld,superveel,1.9,2.3,6.2,3.2,4.5
446,JA,SE,een,nooit,veel,4.6,2.6,7.1,5.1,7.4
447,JA,BDAM,een,weinig,gemiddeld,3.4,4.3,7.2,3.8,8.1
448,JA,BDAM,een,,weinig,3.4,4.1,6.5,3.7,8.3
449,JA,SE,nul,vaak,superveel,5.0,4.5,7.4,3.6,9.7
450,JA,SE,twee,vaak,geen,3.5,3.8,6.3,3.3,7.7
451,JA,SE,drie,veel,geen,2.4,2.3,5.8,4.6,4.8
452,JA,SE,nul,gemiddeld,veel,4.4,4.5,6.5,3.5,9.5
453,JA,SE,een,gemiddeld,veel,4.5,4.5,6.9,5.2,9.6
454,JA,SE,nul,nooit,geen,5.6,5.3,6.8,3.8,11.1
455,NEE,SE,vijf,vaak,geen,2.7,2.9,5.5,4.7,6.2
456,JA,FICT,nul,gemiddeld,weinig,3.1,4.1,6.7,1.7,7.6
457,JA,SE,een,nooit,gemiddeld,4.6,4.6,6.1,5.4,10.0
458,JA,FICT,nul,veel,geen,2.3,4.4,7.2,2.8,7.6
459,JA,IAT,een,nooit,superveel,4.9,4.0,6.7,4.2,
460,NEE,BDAM,twee,weinig,gemiddeld,2.9,3.0,5.8,4.0,6.1
461,JA,SE,een,veel,gemiddeld,3.9,5.5,7.2,5.1,9.9
462,NEE,SE,drie,gemiddeld,veel,2.8,3.5,6.1,,6.8
463,JA,BDAM,nul,veel,veel,4.3,3.8,6.8,4.2,8.6
464,JA,FICT,een,weinig,superveel,4.5,5.3,6.0,2.6,9.9
465,NEE,SE,zeven,gemiddeld,superveel,0.3,0.0,5.6,3.0,0.6
466,NEE,SE,twee,gemiddeld,weinig,2.6,3.1,6.8,2.4,6.0
467,NEE,FICT,vijf,veel,gemiddeld,1.1,0.1,6.2,5.1,1.3
468,NEE,SE,vier,gemiddeld,gemiddeld,2.7,2.0,5.8,4.0,5.5
469,JA,SE,drie,gemiddeld,geen,4.2,3.1,7.9,4.0,8.0
470,NEE,SE,vier,gemiddeld,weinig,2.8,2.6,5.5,3.3,5.5
471,NEE,SE,nul,vaak,gemiddeld,3.7,2.8,6.7,4.6,7.0
472,NEE,IAT,twee,veel,gemiddeld,2.5,3.4,6.5,3.1,6.1
473,JA,SE,een,gemiddeld,superveel,5.4,4.8,6.4,4.3,10.2
474,JA,BDAM,drie,weinig,superveel,4.5,3.9,6.9,4.0,9.2
475,JA,FICT,zeven,vaak,veel,0.6,0.3,6.2,5.6,1.6
476,JA,FICT,vier,nooit,superveel,1.5,1.4,5.5,3.0,3.3
477,JA,SE,een,nooit,superveel,4.3,4.4,6.6,3.1,9.1
478,NEE,IAT,vier,veel,veel,3.0,3.1,6.9,3.7,6.9
479,JA,SE,een,vaak,superveel,3.3,3.6,6.4,3.6,7.4
480,JA,FICT,twee,weinig,weinig,3.9,4.3,6.3,5.0,8.7
481,JA,IAT,een,vaak,gemiddeld,4.3,4.4,6.8,2.9,9.4
482,JA,BDAM,twee,veel,veel,4.3,4.0,7.2,3.3,8.8
483,NEE,IAT,zeven,weinig,veel,0.4,0.6,5.7,3.7,1.4
484,NEE,FICT,vijf,,veel,1.1,1.5,6.1,4.4,2.8
485,NEE,FICT,drie,gemiddeld,weinig,4.1,2.1,5.6,3.6,6.8
486,JA,SE,twee,vaak,veel,4.2,5.3,6.7,3.7,9.6
487,JA,BDAM,twee,veel,weinig,3.7,4.2,7.1,4.2,8.1
488,JA,BDAM,een,vaak,geen,4.2,4.0,6.5,5.0,8.3
489,NEE,FICT,vijf,gemiddeld,gemiddeld,2.6,2.1,6.8,6.1,5.5
490,JA,BDAM,nul,vaak,geen,3.6,3.2,6.2,,7.3
491,NEE,SE,een,vaak,geen,3.1,3.3,6.7,4.2,7.2
492,JA,BDAM,twee,vaak,veel,4.6,5.4,7.1,6.0,10.5
493,NEE,IAT,vier,vaak,gemiddeld,1.7,1.5,5.9,5.2,4.0
494,JA,FICT,nul,veel,gemiddeld,4.1,3.6,6.9,5.0,8.6
495,JA,FICT,twee,vaak,veel,4.5,5.2,6.4,1.8,9.8
496,NEE,BDAM,zes,nooit,veel,0.0,1.0,5.5,3.2,1.3
497,JA,BDAM,twee,weinig,gemiddeld,3.7,3.9,6.5,2.6,8.5
498,NEE,SE,zeven,nooit,weinig,0.9,1.0,5.5,2.5,2.1
499,JA,FICT,nul,gemiddeld,gemiddeld,4.6,3.4,6.7,4.0,8.7
500,NEE,FICT,nul,vaak,weinig,3.6,3.3,5.8,4.2,7.7
501,JA,IAT,drie,gemiddeld,superveel,3.2,3.2,6.6,3.9,7.3
502,NEE,BDAM,zeven,veel,geen,0.2,0.8,5.6,3.8,1.5
503,JA,IAT,vier,gemiddeld,geen,,2.4,5.5,2.9,5.6
504,JA,BDAM,nul,nooit,gemiddeld,4.6,4.4,7.0,5.5,9.0
505,NEE,SE,zes,weinig,gemiddeld,0.4,1.4,5.7,2.5,2.4
506,JA,IAT,twee,weinig,weinig,3.4,4.4,6.5,,7.8
507,JA,IAT,een,vaak,geen,4.6,3.8,7.5,4.9,8.6
508,JA,FICT,een,vaak,gemiddeld,4.7,4.4,6.4,3.8,10.0
509,JA,IAT,drie,vaak,geen,3.0,2.6,5.6,3.9,6.2
510,NEE,FICT,twee,veel,weinig,3.2,2.5,5.6,,5.9
511,JA,SE,een,veel,gemiddeld,4.2,3.0,7.6,3.3,7.5
512,JA,FICT,zes,weinig,weinig,1.1,0.0,5.5,5.6,1.4
513,JA,SE,twee,nooit,veel,3.8,3.9,6.8,5.6,8.6
514,NEE,IAT,zeven,vaak,gemiddeld,0.7,0.4,5.6,3.8,1.7
515,JA,SE,twee,gemiddeld,superveel,3.9,4.3,6.5,4.6,9.1
516,JA,IAT,zes,weinig,veel,0.3,1.8,6.2,3.4,2.4
517,NEE,IAT,nul,weinig,gemiddeld,2.8,2.5,6.9,5.2,5.6
518,JA,SE,vijf,gemiddeld,gemiddeld,2.8,2.8,5.8,3.9,6.1
519,JA,SE,een,weinig,geen,3.7,3.1,7.1,6.5,7.4
520,JA,SE,twee,nooit,geen,,3.2,6.5,4.5,7.0
521,JA,SE,nul,vaak,geen,3.5,3.7,5.9,4.5,7.2
522,JA,BDAM,drie,gemiddeld,geen,3.2,3.5,7.1,5.2,7.6
523,JA,BDAM,nul,weinig,veel,3.6,3.9,7.4,2.8,8.2
524,JA,SE,nul,gemiddeld,veel,4.3,3.3,7.1,4.0,8.3
525,NEE,FICT,zes,vaak,gemiddeld,2.0,0.5,5.7,2.9,2.5
526,JA,SE,nul,gemiddeld,geen,4.9,5.5,6.9,3.4,11.3
527,JA,BDAM,nul,vaak,superveel,4.0,5.0,7.2,3.9,9.9
528,NEE,FICT,twee,gemiddeld,weinig,3.2,3.2,7.6,5.2,7.3
529,JA,SE,twee,vaak,geen,1.7,2.5,5.6,4.6,5.0
530,NEE,SE,drie,veel,veel,2.5,2.0,5.5,4.0,5.3
531,NEE,SE,vier,veel,weinig,1.8,2.6,5.5,,4.5
532,JA,FICT,,weinig,gemiddeld,3.3,3.1,6.6,3.4,6.8
533,NEE,FICT,vier,gemiddeld,weinig,1.9,1.4,6.8,2.1,3.8
534,NEE,IAT,vier,gemiddeld,weinig,3.5,2.4,6.7,5.5,6.8
535,JA,BDAM,een,vaak,geen,4.7,4.8,6.7,3.5,10.0
536,JA,BDAM,een,veel,geen,4.0,3.5,6.9,4.5,8.4
537,JA,BDAM,zes,veel,veel,0.4,0.3,5.6,2.5,1.6
538,NEE,IAT,drie,vaak,gemiddeld,2.2,3.5,7.5,4.4,6.3
539,NEE,SE,vier,gemiddeld,geen,3.0,2.6,5.5,,5.9
540,JA,FICT,,nooit,weinig,3.5,3.2,6.9,3.2,7.4
541,NEE,SE,nul,vaak,gemiddeld,2.9,3.4,7.1,4.0,6.5
542,JA,FICT,drie,nooit,gemiddeld,,3.2,6.6,2.2,6.3
543,NEE,SE,vier,veel,geen,2.5,1.8,5.5,3.6,5.3
544,JA,BDAM,nul,weinig,geen,2.9,3.7,7.0,4.7,6.6
545,NEE,SE,een,gemiddeld,veel,3.5,2.6,6.8,2.4,6.3
546,NEE,BDAM,zes,nooit,superveel,1.6,1.0,5.9,4.3,2.6
547,NEE,BDAM,vier,weinig,geen,2.5,1.9,6.1,4.0,5.0
548,JA,BDAM,nul,vaak,veel,3.4,3.1,6.9,4.3,7.5
549,NEE,SE,zes,nooit,superveel,1.0,0.3,5.7,3.8,2.3
550,NEE,SE,vier,gemiddeld,superveel,3.3,2.4,5.8,5.2,5.8
551,JA,FICT,een,veel,weinig,3.4,3.7,7.3,4.8,8.0
552,NEE,SE,vier,veel,superveel,3.9,2.1,5.6,3.2,6.8
553,NEE,SE,drie,nooit,weinig,2.4,2.5,5.6,3.9,5.5
554,JA,BDAM,nul,veel,veel,4.6,3.3,7.5,3.8,8.8
555,JA,SE,vijf,vaak,superveel,1.1,1.3,5.5,3.6,2.8
556,NEE,IAT,vier,nooit,,3.2,3.2,6.1,4.9,7.2
557,JA,BDAM,vijf,vaak,superveel,1.7,1.5,5.6,5.0,3.8
558,NEE,SE,zeven,nooit,weinig,0.4,0.5,5.6,3.8,1.2
559,JA,IAT,een,veel,veel,4.6,4.4,7.0,3.0,9.3
560,NEE,BDAM,nul,veel,weinig,2.1,2.9,7.0,5.1,5.7
561,JA,SE,twee,nooit,gemiddeld,5.0,3.5,6.9,4.6,9.0
562,JA,IAT,een,gemiddeld,gemiddeld,3.9,3.8,6.8,3.6,7.8
563,NEE,BDAM,drie,vaak,weinig,3.7,2.7,5.8,3.6,6.9
564,JA,SE,een,weinig,geen,4.7,3.7,6.1,4.4,8.9
565,JA,BDAM,een,veel,superveel,4.0,4.7,6.9,2.9,9.1
566,NEE,BDAM,vijf,gemiddeld,superveel,1.7,1.3,5.6,6.0,3.9
567,JA,SE,zeven,nooit,veel,0.0,0.1,5.6,6.2,0.4
568,JA,BDAM,twee,gemiddeld,gemiddeld,2.6,3.4,5.5,3.2,6.9
569,JA,SE,twee,weinig,gemiddeld,4.2,4.0,7.0,4.6,9.1
570,JA,SE,nul,gemiddeld,gemiddeld,4.3,3.9,6.7,4.3,8.9
571,NEE,FICT,zes,nooit,gemiddeld,1.1,0.5,5.5,3.4,2.0
572,JA,SE,een,nooit,veel,3.1,3.9,7.1,4.6,7.6
573,JA,SE,een,veel,geen,4.4,3.2,6.3,4.3,8.3
574,JA,SE,twee,weinig,gemiddeld,3.2,3.9,7.2,3.3,7.7
575,JA,SE,drie,nooit,veel,4.2,4.0,7.3,2.5,8.7
576,NEE,IAT,twee,weinig,gemiddeld,2.8,3.1,6.8,3.2,6.4
577,JA,BDAM,nul,weinig,weinig,3.7,4.1,6.3,4.9,8.0
578,NEE,SE,een,weinig,geen,2.4,2.4,5.6,4.7,5.5
579,JA,SE,twee,gemiddeld,weinig,3.4,5.0,6.1,2.5,9.0
580,JA,BDAM,nul,gemiddeld,veel,4.8,4.9,6.4,3.8,9.9
581,NEE,BDAM,vier,,veel,3.4,3.0,5.7,2.4,7.1
582,JA,SE,vier,veel,geen,2.0,2.0,6.0,5.4,4.9
583,NEE,IAT,vijf,nooit,superveel,0.7,1.3,5.9,4.1,2.1
584,NEE,SE,zeven,veel,superveel,0.3,0.0,5.6,3.6,0.7
585,NEE,FICT,vier,veel,weinig,0.6,1.0,5.7,3.2,2.0
586,JA,IAT,een,veel,veel,3.4,2.9,6.3,5.2,6.3
587,NEE,FICT,vijf,veel,geen,0.7,1.1,6.0,4.4,2.3
588,NEE,SE,drie,nooit,gemiddeld,2.3,2.9,7.3,3.1,5.5
589,JA,SE,drie,weinig,gemiddeld,3.6,3.9,6.2,3.6,8.0
590,NEE,FICT,twee,veel,geen,2.4,2.8,6.4,2.1,5.4
591,JA,SE,drie,vaak,gemiddeld,3.8,3.8,8.3,2.6,8.3
592,JA,BDAM,nul,veel,superveel,4.7,4.9,6.7,2.8,10.1
593,JA,SE,twee,nooit,veel,3.8,3.7,6.4,,7.6
594,JA,SE,een,gemiddeld,weinig,2.7,3.4,6.5,5.9,6.9
595,JA,FICT,nul,nooit,veel,3.5,3.4,7.3,3.6,7.9
596,JA,FICT,een,gemiddeld,veel,3.6,4.6,7.7,3.3,8.5
597,JA,SE,drie,veel,weinig,3.4,3.4,7.0,3.4,7.1
598,JA,SE,zes,nooit,geen,1.5,0.4,6.0,5.2,2.3
599,JA,BDAM,een,gemiddeld,weinig,4.1,3.8,6.8,3.9,8.5
600,JA,FICT,twee,vaak,superveel,4.7,4.5,6.6,,9.8
601,JA,SE,nul,weinig,veel,3.8,4.8,6.2,2.5,8.6
602,JA,FICT,een,weinig,geen,4.6,4.9,7.0,2.9,10.2
603,NEE,FICT,vijf,vaak,weinig,1.5,1.5,6.5,2.7,3.8
604,NEE,FICT,zeven,vaak,gemiddeld,0.2,1.1,5.9,3.8,1.4
605,NEE,IAT,,nooit,veel,0.0,1.2,6.1,2.0,2.1
606,NEE,SE,vijf,gemiddeld,gemiddeld,1.1,1.9,6.4,3.8,4.0
607,NEE,SE,vijf,gemiddeld,gemiddeld,1.3,1.4,5.6,3.6,3.7
608,JA,FICT,nul,weinig,superveel,4.3,4.4,6.7,4.5,9.7
609,JA,IAT,een,nooit,gemiddeld,5.4,4.1,6.5,3.5,10.1
610,JA,FICT,een,gemiddeld,superveel,4.0,3.2,7.8,3.9,7.7
611,JA,IAT,twee,weinig,veel,4.3,4.5,6.8,5.1,8.9
612,JA,FICT,een,weinig,veel,4.7,5.0,6.3,3.9,10.6
613,JA,SE,twee,veel,weinig,3.6,3.0,6.4,4.0,6.8
614,JA,SE,,nooit,superveel,3.2,3.8,6.9,4.8,7.7
615,JA,SE,vier,vaak,geen,2.5,2.8,6.8,4.4,5.5
616,JA,SE,twee,weinig,gemiddeld,4.8,3.2,7.7,3.5,8.4
617,NEE,SE,vier,weinig,weinig,2.8,3.1,6.0,5.1,6.9
618,JA,FICT,zeven,weinig,weinig,0.6,1.1,5.6,3.9,2.0
619,NEE,SE,drie,veel,veel,2.2,3.6,6.1,4.3,5.9
620,NEE,SE,drie,weinig,weinig,4.0,3.9,6.2,3.6,8.7
621,JA,FICT,een,vaak,weinig,5.2,4.6,7.0,4.5,10.3
622,JA,SE,zeven,weinig,superveel,0.5,0.0,5.5,3.9,1.5
623,NEE,BDAM,zeven,gemiddeld,veel,0.5,0.0,6.1,5.4,0.6
624,JA,FICT,twee,gemiddeld,geen,3.2,3.6,6.9,2.7,7.4
625,JA,FICT,nul,veel,superveel,4.1,3.9,7.1,5.3,8.7
626,JA,SE,zeven,weinig,veel,0.2,1.0,5.5,4.0,1.4
627,JA,SE,nul,nooit,superveel,3.1,3.5,6.5,5.0,7.3
628,JA,BDAM,twee,vaak,weinig,3.1,3.7,6.9,5.1,7.1
629,NEE,SE,drie,veel,superveel,2.8,3.7,6.2,5.0,7.0
630,JA,SE,nul,nooit,veel,,2.4,6.1,4.6,5.5
631,JA,BDAM,nul,vaak,gemiddeld,5.1,5.3,6.3,2.5,10.6
632,NEE,SE,vijf,gemiddeld,gemiddeld,1.2,2.2,5.5,4.5,4.3
633,NEE,SE,vier,vaak,superveel,3.0,2.4,5.5,4.2,6.3
634,NEE,SE,vijf,vaak,superveel,0.9,1.8,5.5,4.1,3.1
635,JA,IAT,nul,gemiddeld,weinig,3.9,2.9,7.0,4.0,7.2
636,JA,IAT,een,weinig,veel,3.9,3.9,7.0,2.6,8.5
637,JA,FICT,een,vaak,weinig,4.6,3.7,7.0,2.2,8.3
638,JA,BDAM,een,vaak,veel,4.0,3.6,6.5,5.3,7.7
639,JA,IAT,drie,weinig,gemiddeld,3.1,2.6,5.6,3.3,6.4
640,JA,BDAM,twee,nooit,geen,4.1,3.8,6.5,4.6,8.8
641,JA,SE,een,weinig,weinig,3.7,3.9,6.6,4.2,7.7
642,JA,BDAM,nul,gemiddeld,superveel,4.6,3.4,7.2,4.1,9.0
643,NEE,FICT,vier,gemiddeld,veel,2.7,2.2,5.6,3.0,5.6
644,JA,FICT,twee,veel,veel,4.5,3.6,6.0,3.0,8.6
645,JA,SE,een,veel,superveel,4.9,4.7,6.4,3.5,10.4
646,NEE,FICT,vier,nooit,superveel,1.3,1.2,5.6,5.0,2.7
647,JA,SE,nul,nooit,weinig,4.0,3.2,6.9,4.1,7.9
648,JA,IAT,nul,vaak,weinig,3.9,4.5,6.6,4.6,9.4
649,JA,SE,twee,gemiddeld,geen,3.6,3.0,7.0,4.1,6.6
650,NEE,SE,zeven,gemiddeld,geen,1.1,0.5,6.7,5.3,1.8
651,JA,FICT,vier,gemiddeld,gemiddeld,1.7,0.8,5.5,5.3,2.9
652,NEE,SE,een,weinig,weinig,3.1,3.6,6.4,3.9,7.0
653,JA,SE,drie,gemiddeld,weinig,3.1,2.8,6.5,4.1,6.5
654,JA,SE,vier,gemiddeld,veel,4.2,3.1,6.6,4.2,7.4
655,JA,SE,drie,veel,geen,2.8,3.8,6.8,4.4,6.8
656,JA,BDAM,zes,weinig,veel,0.5,0.0,5.8,4.5,1.4
657,JA,SE,nul,nooit,weinig,4.3,4.5,7.7,3.1,8.9
658,NEE,SE,vier,vaak,gemiddeld,1.3,1.2,5.7,2.9,3.0
659,JA,FICT,een,nooit,weinig,3.9,4.0,7.2,3.9,8.2
660,NEE,BDAM,nul,gemiddeld,weinig,3.2,3.3,6.0,3.3,7.0
661,JA,FICT,een,weinig,gemiddeld,2.9,3.1,7.1,3.9,6.9
662,JA,IAT,een,veel,geen,3.2,3.0,7.4,3.2,6.5
663,JA,IAT,nul,weinig,geen,3.9,3.6,7.4,3.8,7.6
664,NEE,IAT,nul,weinig,gemiddeld,4.9,4.1,6.8,,9.4
665,NEE,FICT,zes,weinig,weinig,0.1,0.6,5.5,5.6,0.8
666,NEE,IAT,een,vaak,weinig,3.6,2.0,6.9,3.2,6.2
667,JA,FICT,een,veel,superveel,4.2,3.9,6.7,3.6,8.1
668,JA,SE,drie,vaak,veel,,3.7,6.6,3.8,8.4
669,JA,SE,nul,weinig,weinig,4.6,5.1,7.0,4.5,10.1
670,NEE,SE,nul,vaak,superveel,4.2,4.6,6.0,3.5,9.2
671,JA,SE,vijf,weinig,veel,,1.1,5.6,,2.3
672,JA,SE,vijf,veel,veel,1.9,1.5,5.6,4.5,4.2
673,JA,SE,nul,veel,weinig,4.2,2.9,6.4,2.9,7.6
674,JA,FICT,zes,weinig,veel,0.4,1.2,5.7,4.5,1.6
675,JA,IAT,nul,weinig,gemiddeld,3.7,3.1,7.0,5.2,7.7
676,NEE,BDAM,vijf,nooit,superveel,2.2,2.4,5.7,2.9,5.5
677,JA,BDAM,nul,nooit,veel,3.5,3.3,7.2,3.7,6.8
678,JA,SE,nul,veel,geen,3.3,3.4,6.2,4.0,6.8
679,JA,BDAM,nul,weinig,geen,5.0,4.5,6.6,4.4,9.9
680,JA,FICT,nul,gemiddeld,geen,3.7,4.6,6.5,4.1,8.8
681,JA,IAT,zeven,nooit,gemiddeld,1.3,0.2,5.6,4.6,2.0
682,JA,IAT,twee,weinig,geen,3.5,3.6,6.9,3.3,7.9
683,JA,BDAM,zeven,gemiddeld,veel,0.4,0.0,6.2,3.4,1.4
684,NEE,IAT,nul,nooit,geen,3.4,2.7,6.6,4.2,7.1
685,NEE,IAT,vier,vaak,geen,0.6,1.3,6.3,4.4,2.0
686,NEE,SE,zeven,vaak,geen,1.2,0.0,5.6,6.5,1.2
687,NEE,SE,nul,gemiddeld,geen,3.0,2.9,6.7,4.4,6.0
688,JA,IAT,nul,nooit,geen,3.3,4.1,7.4,4.6,8.2
689,JA,SE,nul,nooit,veel,4.1,4.3,6.8,4.7,9.3
690,NEE,FICT,drie,nooit,veel,2.5,1.8,6.0,4.1,5.2
691,NEE,BDAM,drie,nooit,superveel,3.0,2.3,7.6,4.8,5.5
692,NEE,BDAM,vier,gemiddeld,weinig,2.5,2.9,5.6,4.2,6.3
693,NEE,FICT,vier,gemiddeld,veel,2.8,2.9,6.0,4.5,5.7
694,NEE,SE,nul,gemiddeld,weinig,3.7,2.8,6.6,2.9,6.9
695,NEE,SE,drie,nooit,weinig,3.5,2.8,5.8,5.0,7.1
696,JA,SE,vier,weinig,geen,2.4,3.1,5.8,4.1,6.0
697,JA,SE,nul,vaak,,3.0,3.6,6.0,5.1,6.8
698,JA,SE,een,veel,gemiddeld,4.3,4.3,6.5,3.8,8.9
699,NEE,SE,vijf,nooit,superveel,1.7,1.6,6.0,2.4,3.7
700,NEE,SE,vijf,nooit,superveel,0.3,1.6,5.6,4.6,2.0
701,NEE,BDAM,drie,vaak,gemiddeld,2.1,2.9,6.1,5.1,5.7
702,JA,BDAM,vier,gemiddeld,geen,3.6,3.3,6.0,4.2,7.0
703,NEE,SE,drie,gemiddeld,weinig,3.3,2.2,6.7,5.0,6.0
704,JA,SE,nul,vaak,superveel,4.3,3.7,6.8,5.0,8.6
705,JA,IAT,nul,veel,geen,4.8,3.4,6.7,3.2,8.7
706,NEE,SE,zeven,vaak,gemiddeld,0.3,1.0,5.6,3.4,2.1
707,JA,FICT,nul,veel,gemiddeld,3.7,5.0,6.9,5.4,9.3
708,NEE,SE,vijf,nooit,geen,1.0,0.8,5.6,3.5,2.3
709,NEE,BDAM,vijf,veel,gemiddeld,3.2,1.9,6.0,4.2,5.5
710,NEE,BDAM,zeven,weinig,geen,0.5,0.4,5.7,3.5,1.1
711,NEE,IAT,zeven,nooit,veel,1.7,0.6,5.6,3.8,2.6
712,NEE,IAT,twee,gemiddeld,weinig,1.9,1.9,6.2,5.1,3.9
713,JA,IAT,vijf,vaak,geen,1.2,0.8,5.5,4.8,2.3
714,JA,SE,twee,vaak,veel,3.4,3.7,7.2,3.5,7.6
715,NEE,FICT,nul,veel,gemiddeld,2.7,4.1,7.0,4.4,6.9
716,JA,SE,drie,nooit,superveel,3.9,3.5,7.1,4.1,7.6
717,JA,SE,nul,vaak,veel,5.4,4.4,5.8,5.2,10.2
718,NEE,SE,vier,weinig,superveel,3.3,2.6,6.2,4.3,6.4
719,JA,IAT,nul,nooit,geen,3.0,2.8,7.5,3.8,6.5
720,NEE,IAT,twee,veel,superveel,3.2,3.2,6.4,1.6,7.2
721,JA,SE,nul,nooit,superveel,3.9,3.1,7.0,3.6,7.0
722,JA,SE,vijf,weinig,superveel,2.0,1.5,5.5,4.4,3.6
723,NEE,SE,zeven,weinig,superveel,0.6,0.8,5.7,4.3,2.1
724,JA,SE,twee,gemiddeld,superveel,4.1,4.1,6.1,3.5,9.2
725,NEE,BDAM,zes,veel,veel,0.8,0.4,5.6,2.8,2.1
726,JA,SE,nul,weinig,geen,4.3,,6.5,4.3,9.3
727,JA,SE,een,nooit,superveel,4.2,4.6,7.1,5.4,9.7
728,JA,FICT,een,veel,superveel,3.4,2.8,6.5,2.3,6.3
729,NEE,IAT,zeven,veel,superveel,0.2,0.7,5.5,4.1,1.3
730,JA,IAT,een,weinig,veel,3.4,4.3,7.1,3.7,8.6
731,NEE,SE,drie,nooit,geen,2.1,2.8,5.7,3.3,5.4
732,JA,FICT,een,gemiddeld,veel,4.9,3.8,7.0,3.8,8.8
733,JA,FICT,nul,vaak,gemiddeld,3.2,4.1,7.8,3.5,7.7
734,JA,BDAM,nul,nooit,superveel,4.2,4.7,6.1,3.9,9.3
735,NEE,FICT,vijf,weinig,veel,1.8,2.1,5.8,2.7,4.7
736,JA,BDAM,nul,weinig,geen,3.5,4.9,7.2,2.8,9.3
737,NEE,FICT,drie,gemiddeld,geen,3.4,2.4,6.0,3.3,5.8
738,NEE,BDAM,zes,vaak,geen,0.6,0.4,5.6,3.0,1.3
739,JA,IAT,een,weinig,veel,3.9,3.3,6.3,5.1,7.5
740,NEE,IAT,vier,vaak,veel,2.6,1.9,5.5,4.8,4.7
741,NEE,IAT,nul,veel,gemiddeld,2.6,2.8,7.0,4.8,6.2
742,JA,BDAM,vier,gemiddeld,geen,1.2,2.3,6.0,3.9,3.8
743,JA,IAT,drie,nooit,veel,4.1,4.0,7.2,3.4,8.8
744,JA,SE,nul,veel,superveel,5.1,4.4,7.3,4.0,10.4
745,NEE,SE,nul,nooit,geen,2.9,3.2,5.9,4.6,6.7
746,JA,IAT,een,veel,geen,3.4,3.7,6.7,5.8,
747,JA,SE,nul,vaak,gemiddeld,3.8,3.9,6.7,6.1,7.9
748,NEE,IAT,vier,vaak,geen,2.2,1.9,6.3,4.6,5.0
749,JA,SE,nul,nooit,veel,5.0,4.3,6.8,3.3,9.4
750,JA,FICT,twee,vaak,superveel,4.1,4.4,6.2,6.1,9.0
